,acc_phone_x,acc_phone_y,acc_phone_z,gyr_phone_x,gyr_phone_y,gyr_phone_z,labelwalkdownstairs,labelwalkupstairs,pca_1,pca_2,pca_3,pca_4
2017-06-11 02:26:25.840,0.660919071396,1.02505293252,2.2846565031,233.933161548,32.6136627337,-1.44839163754,0,1,0.2950983622,0.652849632361,0.458674839692,0.604059474239
2017-06-11 02:26:26.090,-0.601528318061,-0.577131737544,3.03704517517,240.586544455,26.6773731552,1.48610473539,0,1,0.298886856178,0.702802505438,0.534327214749,0.560786333471
2017-06-11 02:26:26.340,5.53213541846,-2.21157921657,1.02682372309,160.70839483,43.6592788098,10.3749946325,0,1,0.28177839935,0.412464794178,-0.0881886152895,0.329351645144
2017-06-11 02:26:26.590,8.7038544666,-1.00655185451,1.13497774179,142.68328897,39.4104576294,19.8141959597,0,1,0.250139232882,0.346027736571,-0.455516584205,0.418036156871
2017-06-11 02:26:26.840,8.15495363665,-0.580437051301,3.08216162778,153.784576145,36.358986024,28.3971939602,0,1,0.23509629732,0.384894714694,-0.481178758384,0.557799963097
2017-06-11 02:26:27.090,8.08439516086,-4.76768406685,1.59473737594,100.148848956,77.0276993383,38.3104980919,0,1,0.194636030818,0.0314722537884,-0.499527659489,0.26614323925
2017-06-11 02:26:27.340,6.51425460131,-7.43924637557,-1.45519339436,73.4107494387,116.638577941,46.1126811741,0,1,0.102744639366,-0.348946356428,-0.326595323301,0.0607410156016
2017-06-11 02:26:27.590,5.03987228845,-6.16868640211,-3.44858550345,84.4812837906,125.611141982,44.2193419862,0,1,0.0608375999719,-0.456780063841,-0.125979276632,0.110452517808
2017-06-11 02:26:27.840,2.48868964356,-6.12606259167,-4.25762603845,83.3513964254,124.809003737,30.1223108314,0,1,0.154179636662,-0.389654781018,0.211772822257,0.0494916516423
2017-06-11 02:26:28.090,1.05969317375,-8.81818858585,-2.74460248152,91.2595471344,114.444047958,18.628622482,0,1,0.24189570909,-0.172931849728,0.373676594031,-0.136273018201
2017-06-11 02:26:28.340,3.9899295721,-10.616128881,-2.3003587697,97.2793778322,107.195924365,19.8040812979,0,1,0.189960564741,-0.105344488485,0.0681117959571,-0.281878674353
2017-06-11 02:26:28.590,2.55728876606,-7.80207683542,-3.76978337151,87.0801778222,125.170772336,19.8727598038,0,1,0.192053142594,-0.279888467759,0.258389707036,-0.118557765777
2017-06-11 02:26:28.840,0.334618449714,-6.68906429107,-3.16993344622,84.2235575752,129.837442419,16.5300000859,0,1,0.256688013993,-0.266820213323,0.492209537074,-0.0195639229098
2017-06-11 02:26:29.090,4.11787105463,-10.2614437342,-2.92500058427,88.9259844395,110.874768841,20.0215128825,0,1,0.190923189376,-0.160657377018,0.0665293161055,-0.277338604839
2017-06-11 02:26:29.340,2.56022882189,-8.44341036214,-3.97077504761,83.0532336249,121.484919314,20.4374719144,0,1,0.19790812779,-0.27653126561,0.246283850845,-0.159548530833
2017-06-11 02:26:29.590,0.0272466422264,-6.6806693235,-3.32663369164,76.742152794,132.616819802,15.8397330523,0,1,0.274615288773,-0.289950766878,0.528565898816,-0.0254670060536
2017-06-11 02:26:29.840,4.22709182821,-10.6027758323,-3.07357284726,85.9582601197,110.383679344,19.3583584754,0,1,0.195697813403,-0.160650852674,0.058621795067,-0.309576677764
2017-06-11 02:26:30.090,2.86331488138,-8.49448167773,-3.43228270155,87.6910632294,114.438394962,21.8840961618,0,1,0.197607224614,-0.227044144865,0.192555112629,-0.140249047335
2017-06-11 02:26:30.340,0.33643636506,-6.59615270757,-2.73342365729,82.204670843,129.511692312,19.5364510386,0,1,0.256493639555,-0.272555925081,0.466442462744,0.0151853707581
2017-06-11 02:26:30.590,4.11325265808,-10.32659594,-2.81322514082,94.7314457421,109.776008488,24.5352513698,0,1,0.15924273563,-0.177836476227,0.0372064202059,-0.247902035063
2017-06-11 02:26:30.840,3.10119113703,-8.6445220453,-3.57456029777,99.7703861879,107.377932836,26.0263092469,0,1,0.154243924734,-0.216985436424,0.138995039111,-0.12197788132
2017-06-11 02:26:31.090,-0.0653762923121,-7.26659982198,-3.23277687632,95.6837597048,126.189395836,20.1741729832,0,1,0.219577801052,-0.264807126895,0.503562942967,-0.0233520293473
2017-06-11 02:26:31.340,2.01214610594,-9.94340956407,-1.62726137346,119.35847108,112.966275679,22.4300702925,0,1,0.15988191512,-0.107203312702,0.250271840187,-0.172114444084
2017-06-11 02:26:31.590,4.08602517441,-10.5581968098,-0.434643093444,154.688134956,85.6700679401,24.7621132086,0,1,0.100449899917,0.0964282345036,-0.00466562128025,-0.177241481262
2017-06-11 02:26:31.840,3.57110928785,-10.5383902178,-1.00535638208,173.65357224,88.2542105216,21.6591407001,0,1,0.0622063221717,0.104343962413,0.0829474173174,-0.197587316292
2017-06-11 02:26:32.090,1.38227848059,-7.42105023062,-1.42741782245,178.236151258,110.41629552,23.8272216668,0,1,0.0441134650583,-0.0483302900214,0.332033779896,0.0342813987141
2017-06-11 02:26:32.340,1.67440567953,-6.31767047342,-1.63831281746,180.270472633,109.437627296,25.4051953571,0,1,0.0315180451682,-0.0681451998066,0.302118866473,0.109628739139
2017-06-11 02:26:32.590,4.28915082229,-10.7692946586,-3.2675234305,184.965371847,99.4540176281,23.8814913801,0,1,-0.0492808835688,-0.0401956267127,0.051224037371,-0.266688881174
2017-06-11 02:26:32.840,2.04759789347,-8.73598851113,-3.74601161271,183.70127393,114.653925926,25.3224192759,0,1,-0.0443174992587,-0.158674354995,0.291693239243,-0.107089886138
2017-06-11 02:26:33.090,0.773436432335,-6.44416431578,-2.16413425327,192.351431499,113.417707597,24.1833215863,0,1,0.00398755142687,-0.0865771136364,0.411824870087,0.0966806760764
2017-06-11 02:26:33.340,4.79391222626,-10.3760922593,-1.3622686611,220.635675902,86.8749384307,21.3681656382,0,1,-0.07001491462,0.153270232291,-0.00634365398687,-0.20648935825
2017-06-11 02:26:33.590,4.22904849738,-9.68909779085,-1.98679569739,235.212125603,89.7712186971,22.1207712369,0,1,-0.113133845042,0.119594161007,0.0639615561128,-0.158999287676
2017-06-11 02:26:33.840,0.774823263145,-9.0211588301,-3.06662832881,233.672160278,109.53188643,21.6578075521,0,1,-0.107865372439,-0.0251847561639,0.437996062062,-0.098483982251
2017-06-11 02:26:34.090,1.61815271198,-10.1564894455,-2.8916720163,242.933427398,106.069433445,19.2492052949,0,1,-0.127999606138,0.0352001479312,0.3649868061,-0.195489184315
2017-06-11 02:26:34.340,3.35940439758,-7.16552343811,-1.31605554986,260.856209214,91.8975956418,19.3807624854,0,1,-0.125432907389,0.169653588847,0.18165031251,0.0240083150878
2017-06-11 02:26:34.590,3.10367863553,-7.5008230752,-1.74299165365,268.318652123,98.1532587415,20.6850455369,0,1,-0.166611307693,0.123980829409,0.214032321301,0.00151367392416
2017-06-11 02:26:34.840,1.87813259903,-8.77777233883,-3.50632935383,263.920826513,117.401326585,19.9578883775,0,1,-0.208761442946,-0.0304091224475,0.377628033494,-0.122307093989
2017-06-11 02:26:35.090,2.74669337348,-7.56495399305,-3.02633079247,268.53540466,110.355114668,20.2098190076,0,1,-0.205416366686,0.0192913593239,0.285596399581,-0.0376308780222
2017-06-11 02:26:35.340,4.50775573997,-9.54001117593,-2.57759845897,273.567750994,100.248876378,22.1316247155,0,1,-0.237502483983,0.091237121065,0.0789986658755,-0.167635979619
2017-06-11 02:26:35.590,2.48624523906,-8.91527092231,-3.37338536165,263.145987704,118.852608597,20.274716113,0,1,-0.218063244351,-0.0322277003553,0.318185344328,-0.138497394129
2017-06-11 02:26:35.840,2.13487458462,-7.50699850665,-2.66653732581,264.486149299,116.368207151,18.8829236546,0,1,-0.183848272693,0.0106080666814,0.354871441868,-0.0301800209784
2017-06-11 02:26:36.090,4.7075049086,-10.0302588193,-2.37146069944,273.294572479,99.2574034449,21.792570526,0,1,-0.235336172259,0.109969669769,0.0557088512381,-0.200692711189
2017-06-11 02:26:36.340,2.45544756285,-8.28699865382,-3.43265717204,265.852161148,115.789368947,21.5929004451,0,1,-0.22257131082,-0.0316412288631,0.312921667011,-0.0856794652578
2017-06-11 02:26:36.590,1.16547343741,-7.21072320941,-2.84576746073,263.380286469,119.754413594,20.3087559016,0,1,-0.181460716901,-0.0282444909467,0.445218585893,0.00847717956736
2017-06-11 02:26:36.840,4.5072472075,-10.1306138988,-2.31172495389,272.370110029,100.064518193,21.9461948414,0,1,-0.231794223001,0.106724190754,0.0731114023797,-0.202541216704
2017-06-11 02:26:37.090,3.26601227076,-8.53134617023,-3.14744503794,274.437257973,109.390246795,22.1456306289,0,1,-0.242441513598,0.0180841734447,0.222268505,-0.0989295317196
2017-06-11 02:26:37.340,0.923306334988,-7.40837774257,-2.62696601966,271.416900019,117.057136462,21.4430439214,0,1,-0.194894465757,-0.00586779810941,0.456176614627,0.0155086587475
2017-06-11 02:26:37.590,3.98891492051,-9.04663903938,-0.828458186865,285.424667488,90.9751742205,18.0462777698,0,1,-0.186990480257,0.244911133371,0.124762586639,-0.104379990242
2017-06-11 02:26:37.840,4.43286191705,-9.64122292346,-0.00179737071517,304.743070667,80.2961958834,13.9419093373,0,1,-0.189399977309,0.384387853817,0.0875563498537,-0.147186587472
2017-06-11 02:26:38.090,0.486947024216,-11.7297034565,-2.05025603574,288.354326783,101.965170849,20.1589308691,0,1,-0.210585106586,0.139781420068,0.459942328958,-0.243868965712
2017-06-11 02:26:38.340,0.5821691126,-10.3382533612,-3.18190243632,277.931092873,113.621614332,29.5266186533,0,1,-0.265257042927,-0.0494199262875,0.426238454576,-0.128871714048
2017-06-11 02:26:38.590,3.72411050001,-6.77623525097,1.36098642151,306.919291467,95.8017798055,26.6543181136,0,1,-0.229734394214,0.259520812223,0.0954003877909,0.153823166051
2017-06-11 02:26:38.840,3.92705781558,-10.0607242868,2.57557268325,330.598414756,76.6064131096,18.4458694092,0,1,-0.212802889647,0.504676835553,0.0771003968417,-0.0737348391721
2017-06-11 02:26:39.090,2.36856438737,-11.9036234142,-2.4376185119,361.445511735,89.1604828112,22.9136526033,0,1,-0.412015278348,0.249283256997,0.281509572866,-0.252151689401
2017-06-11 02:26:39.340,1.71206940927,-7.64580128632,-1.79901537618,334.718288477,112.000376349,35.8596418138,0,1,-0.403478872345,0.0186566198012,0.29807638002,0.114342389042
2017-06-11 02:26:39.590,2.51099218393,-7.75791992592,1.01770342846,166.949321406,96.4865581635,32.0760530155,0,1,0.083756289709,0.046169927161,0.114386872015,0.107631453322
2017-06-11 02:26:39.840,3.56906078716,-10.7343680285,0.292635167607,42.8321968315,67.7068910308,15.7476675131,0,1,0.46246835855,0.147606286346,0.014680933866,-0.23018404692
2017-06-11 02:26:40.090,2.60661523973,-9.70641468275,1.01841126503,64.0790624782,78.0043123838,13.4678624576,0,1,0.438138039074,0.163777020448,0.140851888576,-0.148984868771
2017-06-11 02:26:40.340,1.89719077698,-8.78885922677,-2.02522397348,74.3109904501,102.876706563,20.8200075588,0,1,0.293652668218,-0.124755179356,0.246789087835,-0.1126974352
2017-06-11 02:26:40.590,2.53188261105,-8.74836705495,-5.00101104916,58.8742584942,110.836960059,24.7761759822,0,1,0.232865303551,-0.329439207492,0.205484978395,-0.169028665693
2017-06-11 02:26:40.840,2.61492201191,-7.59520342382,0.428759584354,85.3519022915,101.209859825,22.5744478754,0,1,0.304385674332,-0.0215712236822,0.145616362859,0.0217701748934
2017-06-11 02:26:41.090,3.89884523112,-9.64638217156,1.63923227953,115.63431465,78.0274224481,13.0162421779,0,1,0.310125409247,0.254127157617,0.0374518633753,-0.146344029904
2017-06-11 02:26:41.340,3.58913345978,-11.072956907,-1.19189174305,124.855026575,86.3098067137,12.7783910208,0,1,0.217820642798,0.119722567235,0.113428124443,-0.303189194678
2017-06-11 02:26:41.590,1.16935469117,-7.08924233119,0.331563324558,117.82132422,117.763744566,23.6118028415,0,1,0.215070456407,-0.077718688811,0.318306934669,0.0773019001088
2017-06-11 02:26:41.840,3.16051831966,-6.20739746583,-1.76912394217,108.287930017,111.160176004,25.2341722655,0,1,0.178143963821,-0.158292310607,0.137659440858,0.071051258291
2017-06-11 02:26:42.090,4.41268089612,-8.93905320745,-3.97822187836,98.8547838889,110.269010227,21.841722891,0,1,0.142981301753,-0.211271720031,0.0505110227002,-0.202566472349
2017-06-11 02:26:42.340,2.600191455,-8.89732682122,-2.19165561957,86.0972182484,128.44546389,20.6165566873,0,1,0.208014610451,-0.229013778812,0.228990784382,-0.156763777127
2017-06-11 02:26:42.590,4.67745892495,-8.91074120968,-3.13162712512,94.8067262912,108.205751703,19.0677598341,0,1,0.181723138013,-0.150272698891,0.0279028245455,-0.204142729411
2017-06-11 02:26:42.840,4.61732664022,-8.69408928519,-2.94472639934,100.091599495,103.879362441,19.6791898706,0,1,0.179315465016,-0.123179065756,0.0238688187443,-0.175889150689
2017-06-11 02:26:43.090,1.99993211735,-7.40170892657,-2.29560639692,85.0870080097,126.415358345,17.6738207533,0,1,0.243297007286,-0.214092523338,0.309235886661,-0.0665349955511
2017-06-11 02:26:43.340,4.56686031106,-8.28619405355,-3.58925119826,92.4386508639,109.946112022,17.6486982031,0,1,0.187683488013,-0.173243254113,0.0579276146966,-0.181606390108
2017-06-11 02:26:43.590,5.22193312968,-8.62902105055,-2.1583428369,98.3461183606,105.25744335,22.7955742492,0,1,0.17264820479,-0.120826033988,-0.0608478029752,-0.146652152552
2017-06-11 02:26:43.840,2.47399041166,-7.93789367887,-2.43256090669,85.5278745491,124.1885766,20.8348848555,0,1,0.218516227386,-0.22837043761,0.24034571256,-0.0908761102718
2017-06-11 02:26:44.090,3.65141181785,-8.69057609589,-3.14959508468,94.4575229396,108.343914581,19.9609458673,0,1,0.19390655049,-0.162717168109,0.119776432309,-0.166585120454
2017-06-11 02:26:44.340,5.38406430735,-8.76234093057,-1.53851015147,106.104487313,100.120031654,25.1302557159,0,1,0.1604453239,-0.0794941739442,-0.104120030882,-0.123940865653
2017-06-11 02:26:44.590,4.02944674769,-7.76699517384,-3.92325962671,101.541785863,119.949187021,24.0715923404,0,1,0.122422264986,-0.274189472255,0.0937623079334,-0.110259635932
2017-06-11 02:26:44.840,2.39114991012,-7.94567770764,-3.52472209112,110.503700777,119.099726912,23.0761592361,0,1,0.137504711082,-0.239453325583,0.25031760211,-0.0892014206754
2017-06-11 02:26:45.090,4.16728955875,-10.3364597974,1.22918823364,141.036108406,97.7414925316,24.6368287265,0,1,0.14416936303,0.0955915157444,-0.0182433394141,-0.142533629695
2017-06-11 02:26:45.340,5.83742794347,-10.7738460482,-0.0137834400136,171.997968101,91.1136269486,24.3917192467,0,1,0.0325593627535,0.117686758743,-0.156805275553,-0.216409851915
2017-06-11 02:26:45.590,2.17395272878,-6.90037781506,-1.91120414705,181.545418532,111.860340979,28.2711090368,0,1,-0.00512853474951,-0.105419609956,0.24186091557,0.0730656948753
2017-06-11 02:26:45.840,2.2185194998,-6.91610616398,-1.07097604385,184.726549286,117.219841383,30.7315241633,0,1,-0.0186814246183,-0.109186818854,0.221127743017,0.101054767566
2017-06-11 02:26:46.090,6.33592522807,-9.97896550135,-2.28607172366,194.727083094,98.296162682,29.6626496612,0,1,-0.104921391938,-0.0259295102916,-0.183493501521,-0.18812744141
2017-06-11 02:26:46.340,3.15397481159,-8.12858363619,-2.79200771764,188.899331405,112.294001957,31.7433630772,0,1,-0.0778830236543,-0.151424251778,0.136603622694,-0.0208150438169
2017-06-11 02:26:46.590,1.67067448559,-7.00950085324,-2.400912319,187.710629367,125.458283845,31.9840771047,0,1,-0.0637206357507,-0.208112306461,0.294966938812,0.0774472041446
2017-06-11 02:26:46.840,6.18235102868,-8.64860491166,-1.6993503509,218.124122234,95.6697624307,30.509023311,0,1,-0.13948499703,0.0218072757186,-0.16919138564,-0.0718398558098
2017-06-11 02:26:47.090,5.1571309093,-9.09210581185,-0.943034362591,242.77293285,87.1127337078,30.4698584729,0,1,-0.156793593109,0.119783234023,-0.0873496901918,-0.0552234594037
2017-06-11 02:26:47.340,3.02853553174,-9.90236465197,-3.06923859296,244.509843933,105.267137727,29.4396899866,0,1,-0.201314746077,-0.0407413130057,0.170672882739,-0.139877032372
2017-06-11 02:26:47.590,3.71596948912,-8.54926835717,-2.99222478743,251.596786374,105.688482133,29.7134591063,0,1,-0.221119399478,-0.0399431748085,0.114048013628,-0.0571928987546
2017-06-11 02:26:47.840,3.36985279351,-7.28138129966,-0.00571117054915,269.970293838,94.3473403663,29.4071748192,0,1,-0.175382647558,0.149181483481,0.107407383054,0.108578628392
2017-06-11 02:26:48.090,4.59763747717,-9.02650353184,-1.26222702405,280.755149719,88.0883871539,28.324213637,0,1,-0.236659930036,0.159321766177,0.00110352463502,-0.0548744232508
2017-06-11 02:26:48.340,4.09972932926,-7.38017831104,-2.96922336605,276.16828611,106.815051314,30.8505263341,0,1,-0.28575373453,-0.0308708174149,0.0888071131917,0.02590751005
2017-06-11 02:26:48.590,3.16370438003,-6.86256890534,-1.77729046356,272.144900823,118.750445083,31.4067831128,0,1,-0.26048810746,-0.0493081434884,0.177608967241,0.0943064930077
2017-06-11 02:26:48.840,6.28033011161,-9.8332291252,-2.29060296428,280.544575575,95.4845277392,29.2343972669,0,1,-0.301796416632,0.0857828398926,-0.142033013056,-0.160162265815
2017-06-11 02:26:49.090,4.39378534911,-7.73872086994,-2.93237018155,277.941765657,104.111231278,29.4008891752,0,1,-0.28402775143,-0.0014260599411,0.0647533274698,-0.00888269335916
2017-06-11 02:26:49.340,1.52166267363,-6.60484279905,-1.89260344989,262.171313051,126.003705361,29.0560273327,0,1,-0.214847086552,-0.0862152375626,0.356348301171,0.113783359154
2017-06-11 02:26:49.590,6.05778936995,-9.53079898981,-2.36446219918,273.734639469,101.195755326,29.4570696038,0,1,-0.292909964879,0.0453011439081,-0.114125188708,-0.142715123896
2017-06-11 02:26:49.840,5.87213978675,-8.13843908835,-3.08066718036,280.549855218,103.503307972,31.9004687162,0,1,-0.327695384986,-0.0142658798363,-0.0897441876907,-0.0469577921579
2017-06-11 02:26:50.090,2.29366213031,-6.86662937468,-2.12506788043,254.561308101,129.136812462,31.4098450391,0,1,-0.230393622936,-0.13248546164,0.272194885669,0.0889747184595
2017-06-11 02:26:50.340,5.58614185558,-9.18221373153,-2.13227249484,269.425478725,106.272543337,30.5885437123,0,1,-0.283582092918,0.0154686650531,-0.0721982925834,-0.104427101724
2017-06-11 02:26:50.590,6.00167141908,-8.67764787535,-2.69765526951,285.985913978,98.7987696456,33.092676332,0,1,-0.335959574393,0.0236032021225,-0.122055515586,-0.0639827161272
2017-06-11 02:26:50.840,2.52926116012,-7.09241361701,-2.03403688289,259.587883977,121.743711876,34.7449951258,0,1,-0.248463461687,-0.112761524096,0.217110593836,0.100844137866
2017-06-11 02:26:51.090,4.54436497988,-8.52151790944,-1.46691335166,294.734009224,103.603068453,32.6998857756,0,1,-0.31810024974,0.0611595074,0.0136916320905,-0.00708999816243
2017-06-11 02:26:51.340,5.94954430246,-9.27391578389,-0.154077054838,327.999388084,76.8941514546,27.9049925296,0,1,-0.32846705093,0.317113510132,-0.135249816561,-0.0542314373141
2017-06-11 02:26:51.590,3.82805647352,-8.79982939417,0.0281214796193,316.332485011,85.5407814157,24.9864008337,0,1,-0.264676766269,0.286042206814,0.0908561223365,-0.0109623010773
2017-06-11 02:26:51.840,3.63738703595,-9.88862115449,-3.16827628715,369.56762504,101.420691332,30.3371460856,0,1,-0.508803192595,0.108744442824,0.157273000332,-0.116617129055
2017-06-11 02:26:52.090,3.66176394091,-8.82726932838,-2.44945315004,304.576398192,101.859181975,36.5287630334,0,1,-0.364279346918,0.0103742548159,0.0843230941586,-0.00488421428132
2017-06-11 02:26:52.340,4.18930378152,-7.01041892365,1.79385158271,76.9648188633,82.41295019,28.6578219174,0,1,0.334303157802,0.0649645744369,-0.0881601540103,0.116569185294
2017-06-11 02:26:52.590,5.20632350228,-9.77130455189,1.53318843157,16.1327924045,67.7477854066,17.8559348144,0,1,0.52131096053,0.151270856394,-0.174495714049,-0.15982327352
2017-06-11 02:26:52.840,2.98216698327,-10.2695691995,-0.0483687567116,74.6930629905,84.3480857141,24.0694037855,0,1,0.322448983614,0.028372793562,0.063121625058,-0.150574361018
2017-06-11 02:26:53.090,2.34398060752,-7.21233592364,-1.3795124485,59.4162106949,103.641128496,34.7043227358,0,1,0.276519699281,-0.230403783116,0.110844772047,0.0842082270781
2017-06-11 02:26:53.340,4.65342270247,-7.77706845365,-2.71103252579,67.8309917578,100.463091871,33.4601424266,0,1,0.205934570322,-0.243073207341,-0.0851330873677,-0.0251827904935
2017-06-11 02:26:53.590,4.92004930484,-8.51255761649,-0.502729579334,96.5676346233,90.1389312902,28.7332212624,0,1,0.211135622906,-0.0322017923159,-0.115192091109,-0.0472096461493
2017-06-11 02:26:53.840,5.19001729126,-7.60676176698,-0.724566029594,93.8684327815,93.0538612664,28.7141334312,0,1,0.209695077006,-0.0622219551139,-0.129626030074,0.000453598945467
2017-06-11 02:26:54.090,4.83877071943,-7.53421748849,-3.25600271133,96.6448298951,115.197063626,31.9574323991,0,1,0.106969503543,-0.288940268696,-0.0492354288972,-0.0404442486487
2017-06-11 02:26:54.340,3.78314592485,-7.41283690632,-1.35672949824,94.151962152,118.86803934,32.3085138273,0,1,0.156707053691,-0.235601610549,0.0288865991968,0.0249367437609
2017-06-11 02:26:54.590,5.5181474197,-8.22852798398,-1.22150983148,103.600621027,92.9330544292,28.0062238325,0,1,0.172300133451,-0.0613281908423,-0.148718042612,-0.059648484995
2017-06-11 02:26:54.840,4.93844645226,-7.91079424797,-3.22284026408,108.147630721,101.438804657,27.5322630873,0,1,0.121446099594,-0.177224362346,-0.0492687638316,-0.0807331421558
2017-06-11 02:26:55.090,3.47127082548,-7.03524797507,-2.18265046045,86.529018849,125.741389579,29.7964722652,0,1,0.166106644014,-0.293670694571,0.0939303902436,0.0140384798168
2017-06-11 02:26:55.340,6.12315411519,-8.74420089276,-2.1600171615,97.790129658,104.967012708,29.6262398093,0,1,0.128154625135,-0.16816908645,-0.190176831558,-0.12565816345
2017-06-11 02:26:55.590,5.64964211463,-8.0054184708,-2.56243759449,106.590254111,99.5507504845,30.5638054681,0,1,0.115571291979,-0.163341531165,-0.1477006422,-0.064314499825
2017-06-11 02:26:55.840,3.61946898575,-6.5541858539,-2.03265102286,85.8531791007,121.746522079,30.3812229858,0,1,0.175300631237,-0.277215009,0.0702721496343,0.0538118179439
2017-06-11 02:26:56.090,5.7250489849,-8.66285539865,-2.75723637126,95.3389037865,106.880070219,29.8918128682,0,1,0.124436277384,-0.207801241288,-0.144694130029,-0.126572980362
2017-06-11 02:26:56.340,5.6601162268,-8.44450814002,-2.55934151406,101.958505359,100.519021974,32.8263282493,0,1,0.111592258081,-0.186979832999,-0.165852946148,-0.0808372294232
2017-06-11 02:26:56.590,3.74827384018,-7.24524256711,-2.14312374104,89.4906551976,123.284158732,33.2444269499,0,1,0.142382945898,-0.301393800051,0.04182904914,0.0211460561884
2017-06-11 02:26:56.840,4.69187210042,-8.39785498952,-1.88758571949,109.205354392,112.158876407,32.0400576906,0,1,0.104773625298,-0.200083642804,-0.05687392244,-0.0604078240965
2017-06-11 02:26:57.090,6.01523865258,-7.93238209825,-0.648157453884,140.32401365,88.058834386,32.2885487619,0,1,0.0777610612893,-0.00661673821199,-0.220127526803,0.00319789147386
2017-06-11 02:26:57.340,5.61039336209,-8.0267762569,-1.42529064092,153.830549721,91.2181996616,32.8371221678,0,1,0.0280476567404,-0.0422949839195,-0.165576584256,-0.0090977070324
2017-06-11 02:26:57.590,3.56351458817,-9.72491108277,-2.27253970273,159.288979344,103.908692595,36.6189580398,0,1,-0.0209766411381,-0.151358638121,0.0265601821174,-0.0903508098374
2017-06-11 02:26:57.840,3.60793486379,-8.53736902208,-0.893731507083,171.821484057,102.697697778,37.6328778631,0,1,-0.0215745166251,-0.0892923466397,0.00807691396515,0.027520861707
2017-06-11 02:26:58.090,6.501325502,-6.58295275411,-0.495537652649,194.638442583,87.2926918003,33.9558309912,0,1,-0.0552984616366,0.0451878945859,-0.249167412817,0.110513367558
2017-06-11 02:26:58.340,5.57358992859,-7.02227003619,-1.43607801263,194.520498088,96.5550777375,34.7869837677,0,1,-0.0818048427239,-0.0414268616206,-0.143398526058,0.0744984723043
2017-06-11 02:26:58.590,3.06648053934,-7.91151664862,-2.73052795974,179.869960905,118.694178469,36.0622988177,0,1,-0.0842944717626,-0.221606762146,0.123697908756,0.0169043476214
2017-06-11 02:26:58.840,5.02582687966,-8.22966151235,-2.49804286515,191.624182313,103.591269159,36.0460912674,0,1,-0.112037640942,-0.123744203043,-0.0830086276636,-0.0176500620101
2017-06-11 02:26:59.090,6.65305460328,-8.532013894,-1.19556105762,201.283255183,93.7538998846,39.2066099301,0,1,-0.133969774119,-0.0321940157951,-0.284873611051,-0.00709342891044
2017-06-11 02:26:59.340,4.8944927584,-8.08576296031,-2.73383821374,191.720551126,114.478175407,40.142291946,0,1,-0.152401707954,-0.214055785878,-0.0760179810678,0.00615014168038
2017-06-11 02:26:59.590,3.37287382136,-7.3208487999,-2.6306057915,201.708027866,116.112999071,39.8972067243,0,1,-0.149527868935,-0.212612616126,0.0776104679469,0.0845795509306
2017-06-11 02:26:59.840,4.65007140958,-8.76431764362,0.776877508786,237.439882103,93.1148304125,37.8518956439,0,1,-0.147972301411,0.0996873385209,-0.0998008021958,0.0533866161673
2017-06-11 02:27:00.090,6.85597949427,-10.2713570926,0.334356241963,268.940543178,73.6533593367,31.8747707293,0,1,-0.210103073141,0.263879540522,-0.287355684163,-0.109567165693
2017-06-11 02:27:00.340,4.66906008645,-8.20766456949,-1.28281011139,273.700662118,87.4120382984,35.1480357791,0,1,-0.247848309214,0.0977540309579,-0.0488883055264,0.0411481064286
2017-06-11 02:27:00.590,2.48934719109,-6.51110988021,-1.05192175193,272.030852595,110.926323515,42.5354239705,0,1,-0.274143167337,-0.0712519273257,0.150097899972,0.223481586142
2017-06-11 02:27:00.840,6.3315946546,-7.53722023252,-2.36334688727,286.327080809,93.56966849,39.6742222183,0,1,-0.351016697822,0.00605959648474,-0.201526398458,0.0604797412888
2017-06-11 02:27:01.090,6.61347278109,-7.69900819457,-2.56236462455,282.510559057,93.9167528585,39.0219262193,0,1,-0.348153560902,-0.00147527669265,-0.223202025635,0.0352971669094
2017-06-11 02:27:01.340,3.05362958391,-7.3082477121,-1.97464367336,265.691820019,122.159742115,42.0827735456,0,1,-0.306481214443,-0.157356480219,0.122587218316,0.12698354691
2017-06-11 02:27:01.590,5.73288142722,-7.7961982408,-2.8329919484,277.646799271,102.436676406,38.4392887262,0,1,-0.341390280645,-0.053770402805,-0.122752650837,0.0260662953819
2017-06-11 02:27:01.840,6.90339599481,-7.67899943744,-2.01607724485,283.45714863,94.9114247917,37.2616072428,0,1,-0.337574392256,0.0315560363113,-0.243939214425,0.0312396770484
2017-06-11 02:27:02.090,3.77556176765,-7.38751876595,-1.62702796664,267.363758138,120.105740118,38.2443593569,0,1,-0.293036112475,-0.100817458467,0.0721455735563,0.094007191601
2017-06-11 02:27:02.340,5.65987258248,-7.89717710912,-2.93905903824,273.543957684,102.580588352,36.1987451592,0,1,-0.322665043211,-0.0463019569195,-0.102331667046,0.00290088468659
2017-06-11 02:27:02.590,6.72541734829,-7.65477244574,-2.48787393731,280.508400709,100.083534728,39.9213208729,0,1,-0.358332415663,-0.035012916288,-0.231333124129,0.0379193682848
2017-06-11 02:27:02.840,4.13864032423,-6.87024513726,-1.68746284753,264.630553008,124.242282864,41.9835299054,0,1,-0.314952337041,-0.155106954841,0.0229176916325,0.140852590827
2017-06-11 02:27:03.090,5.42325211353,-8.05589330963,-1.69501353235,270.980758404,102.47802701,37.4716910059,0,1,-0.296448012346,-0.00631685771572,-0.105987582221,0.0307496359569
2017-06-11 02:27:03.340,6.58608460992,-8.61943874934,-2.13715254813,284.861032239,92.2265407262,38.7245242731,0,1,-0.346279493207,0.0341708990768,-0.230344818611,-0.0163715856937
2017-06-11 02:27:03.590,4.80920941738,-6.82412112077,-3.22722268199,267.733546292,115.7084156,39.3628570284,0,1,-0.333561802745,-0.156115527637,-0.0156757680371,0.0906426789735
2017-06-11 02:27:03.840,4.69533458661,-7.67597263264,-2.27810402404,271.927695728,109.986427826,37.8885077055,0,1,-0.3119703247,-0.070432300596,-0.0189756865099,0.0525022155001
2017-06-11 02:27:04.090,4.90554898258,-9.58328511804,0.594358257587,299.908286969,90.5600805577,38.2115420276,0,1,-0.306565522268,0.177266405376,-0.104838993767,0.00802913698339
2017-06-11 02:27:04.340,5.02002250058,-8.71718289368,1.86748751397,304.517319527,78.0551399408,26.9765188762,0,1,-0.21508960556,0.370248276072,-0.0731566588701,0.030142715862
2017-06-11 02:27:04.590,6.80684927882,-8.15716387634,1.13139299962,316.70541898,72.1967746762,28.6209920421,0,1,-0.278557764758,0.368757989057,-0.242996059605,0.0390983547811
2017-06-11 02:27:04.840,6.75918513088,-7.73267286179,0.421443913341,314.270135477,87.1208066054,53.4415354279,0,1,-0.427125987649,0.0815894698605,-0.363511462549,0.199814374542
2017-06-11 02:27:05.090,4.76719794501,-8.14683744334,-0.367012984699,286.812019016,101.59987363,47.5505655308,0,1,-0.346771573769,-0.00580338869325,-0.120506071481,0.133486732321
2017-06-11 02:27:05.340,5.81627233593,-9.72160361855,-2.49452383659,302.399745209,99.4241051274,28.7763623925,0,1,-0.355212303212,0.0859188995648,-0.0768408577796,-0.150951930713
2017-06-11 02:27:05.590,7.28922632177,-6.50415606042,-1.32174657358,259.843407623,88.8392315241,43.1374770588,0,1,-0.284317571488,0.010813024101,-0.340191941541,0.155940046546
2017-06-11 02:27:05.840,4.40042598459,-1.87230207984,4.65833669518,119.00935515,75.3374691431,40.6171802595,0,1,0.269293296058,0.142904177114,-0.187398701506,0.608055469543
2017-06-11 02:27:06.090,1.91461802659,-2.00363369142,6.8407606573,62.2871950079,69.1425612449,10.6498886426,0,1,0.635024568944,0.415044227356,0.174504436527,0.488943942026
2017-06-11 02:27:06.340,2.22733321325,-3.22370103909,5.08354689498,77.6715772775,61.701646402,2.30964033037,0,1,0.606236600973,0.463526119571,0.209365024091,0.320655300366
2017-06-11 02:27:06.590,1.34362996245,-3.44539596312,5.35488020993,69.7726506372,50.0168399662,5.63890919345,0,1,0.646278792183,0.49245618147,0.244656263053,0.35700047083
2017-06-11 02:27:06.840,0.642389300683,-3.85908961333,5.29033104289,73.4577357712,45.4785873505,4.1770082712,0,1,0.658924897535,0.525928606545,0.312919677678,0.335473238548
2017-06-11 02:27:07.090,0.912235558478,-4.89885945402,4.53732475731,63.5179414674,34.7871972827,2.0051773178,0,1,0.687576114227,0.554698292716,0.284641449794,0.238791370719
2017-06-11 02:27:07.340,0.249984716746,-5.2267130491,4.74374610545,81.8808787644,25.2253342891,1.04160286381,0,1,0.676481990225,0.634410142038,0.341557605557,0.238711701982
2017-06-11 02:27:07.590,1.88353532831,-5.28682292637,4.23199533994,178.508722408,22.4151769409,10.5481000638,1,0,0.371123469267,0.668805161697,0.171299102839,0.279387501289
2017-06-11 02:27:07.840,5.73365454883,-7.36996960777,4.07489080292,211.289810337,4.28373450962,20.737111567,1,0,0.204794755017,0.72741846056,-0.277401809471,0.159312244852
2017-06-11 02:27:08.090,7.27424111393,-5.6674125823,3.72460382488,144.988707347,8.2783257266,33.0142843249,1,0,0.278768196062,0.521882170948,-0.509634472254,0.300661315728
2017-06-11 02:27:08.340,6.67932352998,-1.97156661412,2.1175789472,86.4213104637,51.3474300038,50.6312619256,1,0,0.259692611243,0.0400891720376,-0.485255272068,0.586744272612
2017-06-11 02:27:08.590,5.21763333464,-5.95525437889,1.74187875548,59.8697130403,72.758144399,39.8649154205,1,0,0.328708738879,-0.000666823334796,-0.272687335986,0.245187901735
2017-06-11 02:27:08.840,3.47790538583,-9.5175599304,1.58500744268,63.731772392,75.4377283553,15.5033817497,1,0,0.432815777327,0.184304657438,0.0358330710436,-0.124058575513
2017-06-11 02:27:09.090,3.23022487414,-8.58700262079,0.869560456432,75.9802776997,85.2447340495,14.2929132235,1,0,0.387677146784,0.12721380336,0.101148250224,-0.0869567429334
2017-06-11 02:27:09.340,4.18302049979,-10.5000590596,1.00203816594,69.3141935874,82.9657258494,15.2134816596,1,0,0.380905346508,0.142685743503,-0.0117797999284,-0.221332321094
2017-06-11 02:27:09.590,4.49264293199,-10.1735871941,-0.135389065576,62.4138930684,90.2482047641,18.2969286686,1,0,0.34601684913,0.030839441621,-0.0360916312401,-0.217078044151
2017-06-11 02:27:09.840,3.64553018437,-6.82146256335,-1.77211006883,48.8324870972,114.468710505,35.4761430606,1,0,0.255268932127,-0.311998029673,0.00323982396335,0.0727372521778
2017-06-11 02:27:10.090,3.68013991505,-6.84574360684,-1.2120974852,39.2794272676,111.812961478,36.580790656,1,0,0.287388867301,-0.295687080711,-0.0225235189055,0.0899489343772
2017-06-11 02:27:10.340,5.51066517175,-8.93208085991,-0.65108086448,57.2115580061,89.1057507924,19.917001838,1,0,0.335314151278,-0.00833631366993,-0.13317972635,-0.152653775156
2017-06-11 02:27:10.590,5.16303468369,-10.4481994651,-0.997472744263,57.0986322749,88.7223132885,17.2450780946,1,0,0.338838165353,0.00720568758398,-0.0874535487561,-0.271881907279
2017-06-11 02:27:10.840,2.60813362816,-8.28400343145,-1.37166422815,34.2962121386,111.895285008,31.3535780502,1,0,0.328426800669,-0.263284960801,0.104077513011,-0.0255204585974
2017-06-11 02:27:11.090,3.36782730622,-5.6105588643,-1.70866617314,35.3949164361,118.68988522,37.5479967796,1,0,0.282379537232,-0.36710550409,0.0221453785759,0.166395163637
2017-06-11 02:27:11.340,5.76432998416,-8.26485262571,-0.703860148537,51.7214840264,94.4550343785,26.1050266704,1,0,0.308817468533,-0.0903534056505,-0.186413817682,-0.079587473826
2017-06-11 02:27:11.590,5.15161653092,-10.6501154476,-0.234360898436,62.014984446,84.2405846424,19.2194483587,1,0,0.338843540985,0.0509771278676,-0.114505011941,-0.251167333197
2017-06-11 02:27:11.840,3.74913974538,-8.91321167377,-1.85532291612,49.5310076618,107.14268536,28.3422456353,1,0,0.285268770758,-0.215474988295,0.0183965820731,-0.109571926535
2017-06-11 02:27:12.090,3.75954118546,-6.36598412126,-1.91667331733,29.6213793778,121.122354035,34.9522372898,1,0,0.290397794394,-0.36815970692,0.00213688019017,0.0848469755725
2017-06-11 02:27:12.340,4.39704524097,-7.00122120587,-0.259914008567,52.1558806874,102.592478819,27.2965910943,1,0,0.323435997151,-0.128141961073,-0.0521236333565,0.0382751988039
2017-06-11 02:27:12.590,4.94408845409,-10.4221276757,0.269837865489,71.3452503223,82.6750166151,17.4762982276,1,0,0.341358170139,0.100543805948,-0.087540764703,-0.229621647596
2017-06-11 02:27:12.840,4.20609454424,-9.16221278875,-0.840124966025,51.0006236818,97.4455529159,23.0838996533,1,0,0.334698694983,-0.086250236601,-0.0194807764443,-0.13757652147
2017-06-11 02:27:13.090,3.25641999007,-6.2623054138,-2.30372255553,43.4955251121,119.624442513,36.6087428798,1,0,0.2525295254,-0.376094025559,0.0477641831908,0.107042070493
2017-06-11 02:27:13.340,4.37658098275,-7.63075420626,-1.23625128932,40.3912312071,108.7035201,36.1051666519,1,0,0.277324727914,-0.271318622918,-0.0928108496582,0.0250374554409
2017-06-11 02:27:13.590,5.54424142399,-8.08941008566,0.338795107333,58.1517855247,89.9642813728,23.2095649524,1,0,0.338867239572,0.000269173826139,-0.163800349324,-0.055324371547
2017-06-11 02:27:13.840,4.31192897515,-9.63396470288,-0.170535755211,83.2364443866,86.075736442,13.4642794594,1,0,0.331506929081,0.103978771514,0.0173066678464,-0.20207370783
2017-06-11 02:27:14.090,3.61507167615,-11.0965464035,0.564329306249,31.512724318,91.3900220926,16.3557110733,1,0,0.447888993531,0.0376031630618,0.033541143958,-0.268330241552
2017-06-11 02:27:14.340,5.26457845532,-6.55518409844,0.414395137557,67.0711941151,111.631079924,32.599236816,1,0,0.249421528823,-0.163913379354,-0.152876748268,0.0968185935005
2017-06-11 02:27:14.590,5.33353283933,-5.15922198178,-2.11108904938,268.278741224,126.633575987,47.854773997,1,0,-0.371374010091,-0.230450859529,-0.107302675865,0.26163658338
2017-06-11 02:27:14.840,4.16545796955,-8.58053262057,-1.73254180426,359.909041729,112.199849097,43.7862167443,1,0,-0.541628306041,0.00194699326935,0.0231974445151,0.0674223098137
2017-06-11 02:27:15.090,5.39222267537,-9.62374263664,-0.409295838353,330.555799254,89.5182083816,25.2019051293,1,0,-0.342346889287,0.273659100933,-0.0433748598058,-0.101265444677
2017-06-11 02:27:15.340,5.38671835844,-9.87031443666,-0.899726281892,339.441907796,90.9714104334,21.2076729071,1,0,-0.357680414917,0.288177554439,-0.0063089892481,-0.153271186884
2017-06-11 02:27:15.590,3.1882872664,-8.1364823953,-1.37295438928,318.075597591,114.974735541,36.0969786365,1,0,-0.386199953865,0.00920997402894,0.147832942062,0.0607992957846
2017-06-11 02:27:15.840,3.75083702564,-6.1361931243,-1.82707586207,297.169245074,119.588314646,40.8453408296,1,0,-0.372101847348,-0.100188309604,0.0787517421498,0.196840679814
2017-06-11 02:27:16.090,5.04274491149,-7.55133811342,-0.455661904718,332.875672902,95.3020854834,31.8191438984,1,0,-0.373405383147,0.185434300636,-0.0317705344571,0.079866467517
2017-06-11 02:27:16.340,4.31034171598,-8.72157689066,0.9249487972,335.558994187,83.1235055851,23.2552083949,1,0,-0.287912256296,0.369528782853,0.0503406752446,-4.95744432301e-05
2017-06-11 02:27:16.590,3.84878558183,-10.401502933,-0.0102559940105,326.22299139,86.2612094155,17.4238982345,1,0,-0.263759932026,0.35871701618,0.135029525618,-0.16615255554
2017-06-11 02:27:16.840,4.17229112994,-10.4546812175,0.553537603772,329.43737917,93.9611932659,23.0216899577,1,0,-0.305879130596,0.310558576596,0.075102176516,-0.133139853188
2017-06-11 02:27:17.090,5.19271253894,-5.79761857307,0.0855268912027,292.314127661,117.96643422,38.86499796,1,0,-0.331239092854,-0.00264647650073,-0.0707586500999,0.22291003191
2017-06-11 02:27:17.340,5.75276783235,-4.91025209475,-2.72794016215,250.279199064,135.572122067,47.1092716775,1,0,-0.356574913732,-0.311361101032,-0.126588142848,0.241485073229
2017-06-11 02:27:17.590,4.93557068066,-8.2642877199,-2.03182111257,242.231356671,121.190242047,40.0932360604,1,0,-0.27309341339,-0.156333926145,-0.0568787291573,0.0128037250051
2017-06-11 02:27:17.840,5.0048641376,-9.43170638894,-0.367829285927,250.07327293,95.6372698225,24.2262061063,1,0,-0.148229314164,0.161942116087,-0.0256186339217,-0.109165330729
2017-06-11 02:27:18.090,4.82961429923,-9.79045616202,-1.14944417356,249.146660467,92.4848583272,19.4833037271,1,0,-0.132171766223,0.179778673136,0.0237556345739,-0.174766869121
2017-06-11 02:27:18.340,3.37943628269,-8.3396628618,-1.83052286141,228.576458881,115.702427422,31.9672031625,1,0,-0.16619011388,-0.0817439222606,0.123415239737,-0.0115704721279
2017-06-11 02:27:18.590,3.93592849843,-5.65130018528,-2.10341508006,220.682887971,126.193608283,38.4083367195,1,0,-0.194069027084,-0.212129681459,0.0601371594481,0.182729433742
2017-06-11 02:27:18.840,5.29638224352,-7.04178913447,-1.09643935668,237.781721334,103.351370658,29.8976978384,1,0,-0.163530859614,0.0270252950787,-0.0611804540046,0.0566658236995
2017-06-11 02:27:19.090,4.85489167646,-9.96576285415,0.482890866727,247.410039477,84.6642552616,20.7794086253,1,0,-0.0912225413788,0.272032518181,-0.0213246330958,-0.137212953136
2017-06-11 02:27:19.340,4.24284269146,-9.83664898344,-0.733506034415,238.303499218,96.0737108162,22.5574813731,1,0,-0.110997345063,0.144453758749,0.0546154003802,-0.144347826165
2017-06-11 02:27:19.590,3.81896303901,-7.42609507413,-2.89250310767,221.698128414,118.203002832,34.1882652045,1,0,-0.185826801613,-0.16579624467,0.0869330369351,0.0297221995998
2017-06-11 02:27:19.840,3.93648876348,-5.59960741137,-2.54104484675,218.471729678,121.711770111,38.7566581883,1,0,-0.190606114276,-0.215583401736,0.0556291794583,0.182520329462
2017-06-11 02:27:20.090,5.32752702584,-7.62044987897,-0.429327174567,237.077341617,99.4776612175,27.8040618493,1,0,-0.136338518517,0.0905124531858,-0.0684201372536,0.0215629335725
2017-06-11 02:27:20.340,5.05494310303,-10.5705359351,0.478413821027,249.898590778,82.7025830124,18.0949874724,1,0,-0.0874355182469,0.307722674622,-0.0279281915723,-0.196121765472
2017-06-11 02:27:20.590,3.35492059164,-9.22866588847,-1.11623142808,238.697512007,97.3679765492,23.4639856843,1,0,-0.109326855713,0.110431442962,0.142129032247,-0.0919175550179
2017-06-11 02:27:20.840,3.88917732247,-6.75918860285,-2.72870015085,222.82291448,119.587743583,36.1437503417,1,0,-0.194360130046,-0.1824376229,0.0718225666145,0.0880405902567
2017-06-11 02:27:21.090,4.96745895543,-6.37596375037,-2.25906804531,224.601767439,118.066879578,39.3606333946,1,0,-0.215938916893,-0.177684251624,-0.0553808681578,0.127416650994
2017-06-11 02:27:21.340,5.11885483056,-7.5676794308,-0.614120645742,241.26821922,96.8586773488,28.7908321589,1,0,-0.146660975758,0.0911112313604,-0.05486854505,0.0342545479024
2017-06-11 02:27:21.590,5.25783080399,-10.1742644419,0.453301864316,252.630485257,82.9039781749,20.0792017714,1,0,-0.104930786417,0.292161993083,-0.0558052200627,-0.160586191517
2017-06-11 02:27:21.840,4.05776034178,-9.66553319094,-0.755555296378,242.130818895,97.7248820885,26.0350560586,1,0,-0.136332748327,0.112972856837,0.0551538231039,-0.10842487205
2017-06-11 02:27:22.090,3.85059537981,-5.97114989977,-3.04839356263,218.441232347,125.10771383,36.9789161913,1,0,-0.198398763816,-0.236566935318,0.0848593285561,0.134005966205
2017-06-11 02:27:22.340,5.53074798698,-5.86993099428,-2.98300816338,213.932359964,126.387735686,38.2254147611,1,0,-0.218393513501,-0.250253790817,-0.0808410766261,0.119134793806
2017-06-11 02:27:22.590,4.81754412025,-7.59287488434,-0.813109333102,232.596242764,101.072312762,29.169874206,1,0,-0.134546275002,0.0506832864358,-0.0238056101088,0.0305195500342
2017-06-11 02:27:22.840,3.9047086653,-8.22262857838,0.923823374087,240.295449601,83.2328417917,17.3097608356,1,0,-0.0230953518258,0.30145908793,0.087774167984,-0.0180304178131
2017-06-11 02:27:23.090,4.73846596573,-9.78965251387,1.1686675705,228.460907417,86.3231307697,13.4431003368,1,0,0.00179811755051,0.324967751552,0.0230801886721,-0.161589472155
2017-06-11 02:27:23.340,3.95745825802,-9.39728753398,0.0535959844942,212.270351587,98.7333952462,24.6421198619,1,0,-0.0417620836745,0.116698025877,0.0532800290288,-0.0876177118432
2017-06-11 02:27:23.590,3.29296372784,-7.0137880626,-0.828910823884,189.406921546,110.140975514,38.8607686437,1,0,-0.0679231824826,-0.119394805614,0.0559027183761,0.140806600909
2017-06-11 02:27:23.840,4.37437534867,-7.5215988035,-0.601683207153,168.14098848,108.566917749,37.0238638269,1,0,-0.0199013283615,-0.107348203838,-0.0508232446523,0.0783095040964
2017-06-11 02:27:24.090,5.19766682949,-9.28969683562,0.284085526301,165.849807101,92.7155046629,22.6461133857,1,0,0.0762026312626,0.118187093266,-0.0821290865423,-0.114182779428
2017-06-11 02:27:24.340,5.27881125762,-9.25381182956,0.974714738804,160.475011919,90.7168011085,17.1976804066,1,0,0.130520674919,0.190372020744,-0.0689274861701,-0.133015622066
2017-06-11 02:27:24.590,4.48369656791,-9.02413646241,-0.152591761101,135.075785266,106.45575775,26.3216311428,1,0,0.11214025182,-0.0273105941804,-0.0235827375064,-0.0880913888191
2017-06-11 02:27:24.840,3.71197154766,-8.76682557413,-0.932424323262,113.961902178,109.035261775,34.2477171378,1,0,0.118437526425,-0.157865291086,0.0041756017784,-0.0297023171607
2017-06-11 02:27:25.090,3.69851749504,-7.74001252386,0.497645837769,101.633772421,100.068278736,31.386332953,1,0,0.210150530716,-0.057249898271,-0.00853850446525,0.0561632868233
2017-06-11 02:27:25.340,4.24615585816,-8.72530697082,0.480957675745,92.7785787634,91.0561036291,22.8716486252,1,0,0.27363963769,0.0434848507613,-0.0282491355607,-0.068181949186
2017-06-11 02:27:25.590,5.15972666034,-10.7702290506,-0.218692244818,91.5598680133,84.2599857265,19.1437861893,1,0,0.267961503873,0.0862974315302,-0.102765385481,-0.253371355314
2017-06-11 02:27:25.840,4.66224618887,-8.83315931922,-0.175655773856,74.3768268269,102.363826027,28.4000873239,1,0,0.252660584266,-0.0948256085247,-0.0850317236238,-0.0745010905428
2017-06-11 02:27:26.090,4.00034254251,-5.59143914701,-2.40043796993,44.0577873704,130.450580352,42.4148428045,1,0,0.195916682563,-0.473548590747,-0.0371961377436,0.164959866701
2017-06-11 02:27:26.340,5.33749638277,-5.86374833707,-3.11023789434,40.7102532778,123.932855526,43.4319066774,1,0,0.176034058071,-0.479972101759,-0.173152704584,0.120165504961
2017-06-11 02:27:26.590,5.87583955939,-7.92753170792,-0.2825209267,60.5357704023,95.4426682458,31.9037275666,1,0,0.266635808934,-0.112404750727,-0.232115387631,-0.0116651343626
2017-06-11 02:27:26.840,4.90113923255,-9.73185676015,0.172818170375,70.1798004337,84.208448621,24.2373502563,1,0,0.312025577251,0.03351516581,-0.120077428877,-0.142926345998
2017-06-11 02:27:27.090,4.29058064442,-9.40892786642,-1.55153549329,57.0307073561,101.263504713,29.2108685815,1,0,0.268414470334,-0.170062967979,-0.050196403102,-0.133144348144
2017-06-11 02:27:27.340,4.02408311988,-6.36693198108,-2.53482365478,39.4487295389,125.755766645,39.6655999724,1,0,0.220886125121,-0.437946650579,-0.0334473899802,0.0954595438469
2017-06-11 02:27:27.590,4.88668433071,-5.48456813903,-2.48796297655,41.7250551904,123.02775657,40.9380634794,1,0,0.207501549949,-0.43383710997,-0.121879517337,0.151351312946
2017-06-11 02:27:27.840,6.02915640011,-8.47435622858,-0.608575507777,61.2502229679,95.7337048786,30.1013804552,1,0,0.261506483275,-0.109221942115,-0.232864081819,-0.069404925818
2017-06-11 02:27:28.090,5.34869973772,-10.0493378847,0.269774589741,75.7447052389,83.7705301669,22.5944110305,1,0,0.300797222314,0.0611688062075,-0.152636567221,-0.178791711378
2017-06-11 02:27:28.340,4.46398856916,-8.30581786309,-1.53022724815,60.8322240265,103.308043693,28.8070349787,1,0,0.261875323981,-0.17732568528,-0.0537426894033,-0.0658795142117
2017-06-11 02:27:28.590,4.52313133535,-6.33641759405,-2.57228503269,36.730912832,125.524972381,39.554372139,1,0,0.220531734808,-0.439597466686,-0.0804300931428,0.0869968901898
2017-06-11 02:27:28.840,4.88682508916,-5.97628689232,-1.95826352346,42.1043313111,119.248643772,40.459034422,1,0,0.222606038523,-0.387911269513,-0.133736477221,0.130206438377
2017-06-11 02:27:29.090,5.70466428118,-8.22101875474,-0.631542435481,58.4934231524,93.478314971,28.6660080164,1,0,0.284593031703,-0.0948523936089,-0.196459148341,-0.0553082100541
2017-06-11 02:27:29.340,5.16174145526,-10.4845268548,0.340265171133,67.3161728221,82.2726796509,19.7866711396,1,0,0.338499573132,0.0844075425965,-0.126263738178,-0.221589045068
2017-06-11 02:27:29.590,3.59574204271,-8.44410484736,-1.17830822546,58.7348028305,100.431749207,27.9156304194,1,0,0.294602374743,-0.146965117977,0.0227878670354,-0.0562674732515
2017-06-11 02:27:29.840,4.26938986807,-5.88894716858,-2.98296756509,35.1186435273,121.250995639,41.0035020817,1,0,0.223426279029,-0.453488142003,-0.0658919077271,0.125142784616
2017-06-11 02:27:30.090,5.39623680109,-6.3881228023,-2.02043400287,45.1661652246,113.470238664,41.6194534837,1,0,0.208858230922,-0.365920282605,-0.197929074425,0.105840783513
2017-06-11 02:27:30.340,5.36309895273,-7.71261329814,-0.287920061622,65.4901654149,90.0293792898,30.667257028,1,0,0.278658224684,-0.0761524610869,-0.181369852599,0.00912818279795
2017-06-11 02:27:30.590,5.10150056226,-9.42182698684,0.78430670539,63.9807131367,80.404726366,20.0238953518,1,0,0.363913319324,0.0989985584476,-0.126751780506,-0.137883894675
2017-06-11 02:27:30.840,4.0811595592,-9.40691106555,0.289863014713,68.2744219545,90.2825809229,21.2313695208,1,0,0.336335466216,0.0272827703549,-0.0151555990706,-0.129748689335
2017-06-11 02:27:31.090,4.688371589,-7.58889678034,-1.81366726833,47.43334441,104.429106927,32.18940477,1,0,0.271377720146,-0.238320444604,-0.0932365558512,-0.00999104833848
2017-06-11 02:27:31.340,5.48417283453,-7.25025283446,-1.41089624453,33.6635388876,107.206574922,37.915294581,1,0,0.270181821555,-0.292414567916,-0.209339217133,0.0391165300156
2017-06-11 02:27:31.590,3.24645055526,-7.53390712762,0.40401510862,43.8602282471,99.719565001,30.3624884361,1,0,0.359870250384,-0.119745169594,0.0170320609539,0.057448049021
2017-06-11 02:27:31.840,3.6196214542,-9.39309528725,0.0757839536199,-1.6837261372,88.4295330505,20.0854694439,1,0,0.515176654847,-0.0451852074624,0.00499444785292,-0.14566005811
2017-06-11 02:27:32.090,5.88579721565,-10.8384384584,-0.123118379793,40.4937670979,91.0748081217,23.669217329,1,0,0.347617286927,-0.0295878120218,-0.212653100993,-0.25566154683
2017-06-11 02:27:32.340,4.74755864698,-7.62015328935,-0.979039866515,238.042635466,118.871169564,36.9054877741,1,0,-0.217610059545,-0.0876515761673,-0.0343644367758,0.0619464808842
2017-06-11 02:27:32.590,4.28945088111,-5.46631184432,-2.4958731971,336.567229295,132.471482223,42.8618454235,1,0,-0.514967842599,-0.158871659552,0.0644508080028,0.227782433481
2017-06-11 02:27:32.840,5.1326239111,-6.9091104599,-1.30805865011,321.669789231,110.316005342,36.4912108496,1,0,-0.408619845982,0.0314839023659,-0.0373448599123,0.117642630859
2017-06-11 02:27:33.090,5.16034156099,-9.07679708581,-0.18292206702,342.891405638,87.8610020839,24.0060562921,1,0,-0.352526900923,0.309421246127,-0.0113683424237,-0.0597666206198
2017-06-11 02:27:33.340,5.25904717398,-10.607155171,-0.553296420012,344.645541927,90.0540233655,22.1213139676,1,0,-0.368720338535,0.309894931541,-0.00742008757594,-0.184935249106
2017-06-11 02:27:33.590,4.10892889192,-7.35854520688,-1.81787782828,312.551089097,116.528470777,35.1583456399,1,0,-0.388531083873,-0.0178095278417,0.0770797303362,0.078624638214
2017-06-11 02:27:33.840,4.08305983572,-4.28259719734,-3.95313078881,301.855354655,135.448539586,42.1355432647,1,0,-0.451298936166,-0.274277322424,0.102355682165,0.264572095159
2017-06-11 02:27:34.090,5.57008535193,-6.9723183496,-2.31193704386,309.735876044,116.000635776,36.1274120261,1,0,-0.413840281083,-0.0449029560283,-0.0599615370518,0.0746968669568
2017-06-11 02:27:34.340,4.70374139555,-8.13267806759,0.911716079952,329.225160921,89.1515797911,24.4610970417,1,0,-0.291575867993,0.323189442067,0.0156182735154,0.0332934024591
2017-06-11 02:27:34.590,4.57862604629,-8.38637859492,0.705680990669,331.668792915,83.9881496452,13.6092967043,1,0,-0.240280431879,0.422821246177,0.0908761268247,-0.050906917869
2017-06-11 02:27:34.840,5.90272086378,-10.6461047516,0.367093787017,305.171406031,97.4035084978,20.2146041314,1,0,-0.270195306231,0.286553576415,-0.0728971404056,-0.205869983025
2017-06-11 02:27:35.090,4.98870129716,-8.11181738836,-0.78700321477,267.70092383,125.560839021,39.2025729422,1,0,-0.313844409748,-0.0896531878229,-0.0531741276709,0.0442922253776
2017-06-11 02:27:35.340,4.55161173697,-5.00505920069,-2.65432525139,238.610428413,132.930395124,42.4454797893,1,0,-0.283537471898,-0.277391191353,0.00516980179734,0.227255498744
2017-06-11 02:27:35.590,5.77628203953,-8.42525034133,-0.879565736585,248.18263529,102.314151153,29.6087622743,1,0,-0.196045097941,0.0643030155621,-0.111125248,-0.037871463065
2017-06-11 02:27:35.840,5.45677588537,-10.6928955199,0.14786661503,263.511197361,85.0612089592,20.8638821934,1,0,-0.150064964854,0.279965043853,-0.0701305234418,-0.199616611875
2017-06-11 02:27:36.090,4.13179620611,-8.12571899337,-1.96192409996,243.219183874,105.390580196,25.4507572869,1,0,-0.164470420306,0.0249440627957,0.0873578031554,-0.0432023047914
2017-06-11 02:27:36.340,3.8624995429,-6.13540584564,-2.63621225856,226.496972747,125.477076522,36.3745302494,1,0,-0.208786847143,-0.206471573959,0.0856595401138,0.129102692417
2017-06-11 02:27:36.590,4.77919780752,-6.22947631957,-1.87450119495,233.666323853,117.240137081,36.9476181758,1,0,-0.213881467869,-0.131143146563,-0.0238070851209,0.13562859782
2017-06-11 02:27:36.840,5.90331684374,-8.61848496485,-0.668374733843,249.936173851,91.7258872068,25.2328978569,1,0,-0.15997770409,0.156726693677,-0.11459679316,-0.0670900323073
2017-06-11 02:27:37.090,5.45962432904,-10.4761928642,0.132394656563,259.909875329,83.5808772712,19.4342415502,1,0,-0.131160138934,0.291245437817,-0.0638722389027,-0.194261834119
2017-06-11 02:27:37.340,4.00779587404,-7.76522187596,-1.59459928578,242.977181099,105.659783914,28.7944165433,1,0,-0.169500086199,0.0112014232072,0.0751497133711,0.0120761734332
2017-06-11 02:27:37.590,4.1179240735,-5.47665603389,-2.94229615525,226.064977817,122.974446479,40.2322118939,1,0,-0.227491769533,-0.240585001754,0.040136445369,0.189005719977
2017-06-11 02:27:37.840,5.29778655432,-6.73492566989,-1.41605982775,237.795164362,111.070692419,38.0898041995,1,0,-0.220278159406,-0.0838746763599,-0.0959123504964,0.116426564318
2017-06-11 02:27:38.090,5.98516979938,-8.70092850269,-0.20866679286,255.048721195,89.1059513268,26.5212058764,1,0,-0.166797675654,0.184423735996,-0.138588266476,-0.0525216305444
2017-06-11 02:27:38.340,5.50946817379,-10.0432846958,-0.405834784916,260.450528359,83.7217429244,23.1357470624,1,0,-0.15871619527,0.238760355534,-0.0827721182999,-0.153903389633
2017-06-11 02:27:38.590,4.13248233697,-7.98477759162,-1.26581914976,246.898711142,104.302984323,33.2717750313,1,0,-0.19472630113,0.00359621010595,0.0292136107406,0.0332365339446
2017-06-11 02:27:38.840,4.5264039822,-5.49204339047,-2.79268569167,227.675860862,124.493050458,44.0098954296,1,0,-0.255187114505,-0.26641883773,-0.0211412817502,0.2075290473
2017-06-11 02:27:39.090,5.56426906489,-6.7172227777,-2.11071487349,235.18622959,114.111702644,42.6478476564,1,0,-0.257886794442,-0.162713515399,-0.137514385716,0.12443101215
2017-06-11 02:27:39.340,5.21340647995,-8.10592791064,0.239312255024,257.183465431,89.9213703745,30.6357212047,1,0,-0.169854844768,0.165389932654,-0.0929479382488,0.0362595082898
2017-06-11 02:27:39.590,5.43986806188,-9.86871798578,0.347964623056,267.622135457,79.8131517027,22.6953656281,1,0,-0.150779337169,0.297702546562,-0.0850722387941,-0.122958399955
2017-06-11 02:27:39.840,4.39303006877,-9.36706876794,-0.907635005672,257.708095046,97.2860345005,30.1912129138,1,0,-0.198674271409,0.094285455181,0.00666408372259,-0.0671552361595
2017-06-11 02:27:40.090,3.59070358762,-4.88786307358,-3.1153026497,231.496160475,129.45532298,41.9329134459,1,0,-0.252073723481,-0.288354067151,0.0963615660455,0.240056434044
2017-06-11 02:27:40.340,5.87761628953,-5.37891989081,-4.22706094073,231.617276175,128.06719939,42.3127368533,1,0,-0.308768565945,-0.321962744679,-0.111042082894,0.147862629925
2017-06-11 02:27:40.590,5.3273883182,-7.84255117751,-0.710169408198,263.161808946,94.9511619975,34.3201507375,1,0,-0.228484775944,0.0814067791734,-0.103401092207,0.0522062627448
2017-06-11 02:27:40.840,4.02505329685,-7.35624980939,1.6326478449,277.886159641,77.615253141,22.5177995823,1,0,-0.111536060248,0.354726353292,0.0461402618296,0.0989634118303
2017-06-11 02:27:41.090,5.22101002381,-9.47655565566,0.847855961458,276.768477668,77.1097766922,13.5653872805,1,0,-0.109644192672,0.406103234059,-0.0108846968509,-0.13713708821
2017-06-11 02:27:41.340,3.8250639584,-9.73616258803,1.20359278054,271.449211319,86.1892768765,21.7125347117,1,0,-0.125975520143,0.311225743249,0.0741407304078,-0.0791158130144
2017-06-11 02:27:41.590,4.12273623138,-7.13588598696,-0.561404901292,250.448492979,106.134645288,38.0343251338,1,0,-0.210821282636,-0.0121707919742,-0.000450608671452,0.134821429623
2017-06-11 02:27:41.840,5.86600471893,-7.72144547136,-2.13152604913,232.550471363,110.771531173,40.915367917,1,0,-0.248046640946,-0.131716571249,-0.16590946662,0.0431271585289
2017-06-11 02:27:42.090,3.79967258496,-8.38486360687,0.565720260062,230.657986369,95.254395004,29.9946053158,1,0,-0.0874801248248,0.127788034633,0.0350489989833,0.0348038930093
2017-06-11 02:27:42.340,4.31738284727,-8.89694574254,1.23778415086,230.108486753,85.8750892353,18.1527976595,1,0,-0.0112671460762,0.289993617277,0.0361154301621,-0.0622906532889
2017-06-11 02:27:42.590,5.54635729915,-9.4382800405,0.34160152491,217.920506976,94.7052024614,21.2765831907,1,0,-0.0501707829815,0.182616934286,-0.0818815045286,-0.128690252004
2017-06-11 02:27:42.840,3.96142788459,-7.58185686713,0.575661444576,190.823460776,111.289859629,37.2094277138,1,0,-0.0519552429652,-0.0471749483937,-0.0143140802277,0.11005916085
2017-06-11 02:27:43.090,5.02521217597,-7.42312491129,-1.06536514495,169.451507685,112.23382743,39.472510486,1,0,-0.0587069008209,-0.158728400122,-0.114808221004,0.0766225024147
2017-06-11 02:27:43.340,5.35147231417,-9.00292477359,-0.828025920043,168.876380772,95.0738695422,25.5010484112,1,0,0.0297193557791,0.04225940039,-0.0943305754627,-0.1044755712
2017-06-11 02:27:43.590,4.82181797911,-9.38466757214,1.46620887671,167.739006084,88.8751115749,17.4568005708,1,0,0.13026019847,0.22490757997,-0.0343308030524,-0.118568839991
2017-06-11 02:27:43.840,6.21688751229,-9.35555109807,0.522907975816,144.93499951,103.307648293,22.7152314666,1,0,0.0968179819755,0.0594371278308,-0.173860100457,-0.144166999182
2017-06-11 02:27:44.090,4.11397283701,-8.13451058779,-0.576238315947,109.381995652,115.839502847,34.3276894003,1,0,0.121672653089,-0.182223511334,-0.0266156571384,0.00667799881603
2017-06-11 02:27:44.340,2.64198169481,-7.03670032429,-0.120295069718,90.5862525497,110.73473822,34.8909961126,1,0,0.209108292966,-0.176438351878,0.0913984061287,0.119080213553
2017-06-11 02:27:44.590,5.71017757273,-8.55029897332,0.154232934638,97.9354870282,92.1512899476,19.9041926667,1,0,0.247084953939,0.0557578821194,-0.137599475083,-0.107836394225
2017-06-11 02:27:44.840,6.68402008481,-10.5714963363,0.988909848236,103.045962821,83.6187009332,14.7383547901,1,0,0.264288605264,0.187881200856,-0.227748071908,-0.266216166605
2017-06-11 02:27:45.090,5.2613315971,-9.40184336846,-0.35757855185,80.8904353878,107.440029973,27.6377407832,1,0,0.216494392328,-0.107042681554,-0.126100904119,-0.134571490783
2017-06-11 02:27:45.340,3.94873357398,-5.90732249375,-3.33074790188,42.638045587,137.106332289,40.3959043514,1,0,0.178785655293,-0.526714157373,0.000475437486586,0.105847614351
2017-06-11 02:27:45.590,4.19808860743,-5.993090441,-2.73541474894,33.6576110443,127.468214483,41.997626689,1,0,0.216490266188,-0.479742124135,-0.0600593262448,0.125426621805
2017-06-11 02:27:45.840,6.54926335126,-9.34489104508,-0.531956102901,63.2120162227,93.4113377552,32.2265591659,1,0,0.239627701059,-0.102598198056,-0.303316117864,-0.11852671637
2017-06-11 02:27:46.090,6.00470580908,-9.60191130606,-0.722385460291,71.5023217618,87.3821868581,26.8725242047,1,0,0.258627167132,-0.0339354940431,-0.222874732731,-0.157905544759
2017-06-11 02:27:46.340,3.7666894614,-7.12021606099,-2.27651988862,51.4384759011,113.677257913,36.9718797781,1,0,0.230312579861,-0.335435293222,-0.0129375648203,0.0508894487076
2017-06-11 02:27:46.590,4.61422538676,-5.73136167319,-2.281213916,52.3488979718,121.840609654,42.3656061314,1,0,0.183788793028,-0.417774779143,-0.106558135915,0.156490797772
2017-06-11 02:27:46.840,5.62206060002,-7.18384658698,-0.507715457055,70.3739140906,95.0056011248,30.9575642812,1,0,0.252060020759,-0.106787650955,-0.19214829691,0.0337025992898
2017-06-11 02:27:47.090,5.541204841,-10.3875658651,-0.475089378564,82.3325833216,79.8171968287,22.0685290974,1,0,0.275641693079,0.06197468332,-0.163014562245,-0.219107761953
2017-06-11 02:27:47.340,4.86557082928,-9.38124263411,-1.60053711289,71.3535429339,98.1963666838,31.0711612193,1,0,0.221483116472,-0.154685807445,-0.113829117523,-0.124629689171
2017-06-11 02:27:47.590,3.74822498516,-5.37421217369,-0.969072267779,53.5815278125,112.740422891,43.126602975,1,0,0.232378918393,-0.331273389938,-0.0587016222796,0.236305156723
2017-06-11 02:27:47.840,5.35279226745,-7.00491705146,-0.141748078802,74.2800990529,95.780015631,35.8332161393,1,0,0.229978697869,-0.12886433873,-0.198824629103,0.0896877070766
2017-06-11 02:27:48.090,6.5674378088,-10.2481719985,0.142139842772,91.1017592707,76.758571865,21.5339591831,1,0,0.260017426022,0.117020050638,-0.263864889343,-0.213354964125
2017-06-11 02:27:48.340,4.51444146369,-8.49707994994,-0.736317999973,73.4082090777,93.1096545026,26.0299817399,1,0,0.27585494401,-0.0623924563359,-0.0622617728833,-0.0689904855632
2017-06-11 02:27:48.590,4.24075318933,-6.84015586697,-2.45724092753,62.5624905165,117.798407376,40.1840184021,1,0,0.17253755212,-0.37328603651,-0.0629109290653,0.0769372720825
2017-06-11 02:27:48.840,5.17066852383,-6.50265800767,-1.6766113842,58.167499655,112.470156768,40.349337095,1,0,0.19463573674,-0.322869643475,-0.169520746623,0.104802337012
2017-06-11 02:27:49.090,5.55324250575,-7.36715378574,-0.149432999171,79.5163316061,91.3802370529,27.7679181193,1,0,0.25837473285,-0.0405677883634,-0.172500967137,0.0147837787855
2017-06-11 02:27:49.340,6.63567287638,-10.6561854032,0.249028573307,95.8508957471,80.8548861691,22.0160901394,1,0,0.237927967284,0.107520827333,-0.268244587572,-0.238879363435
2017-06-11 02:27:49.590,4.99178713296,-8.89626180575,-0.332641068871,53.7077300767,101.980308408,28.9613676776,1,0,0.292003280489,-0.125952754089,-0.127394698924,-0.088047798891
2017-06-11 02:27:49.840,3.22925140139,-4.57366318746,-3.55512312072,29.1561832196,137.691019369,36.5571157967,1,0,0.242175886312,-0.535261637744,0.0970239158092,0.174146621155
2017-06-11 02:27:50.090,5.21474519393,-5.77299361649,-4.23437549017,17.8743208026,134.813438092,39.9797664322,1,0,0.209344552288,-0.576335617073,-0.117819109047,0.0678466458528
2017-06-11 02:27:50.340,5.68061575854,-6.774554603,-0.617497079133,27.8826548554,104.917879666,37.5397070702,1,0,0.304588819042,-0.255388973517,-0.239037459937,0.0826853952601
2017-06-11 02:27:50.590,5.08426691055,-7.99624110148,0.34670240053,75.1661912827,88.1213832867,25.8432734734,1,0,0.296182090074,0.00669143616067,-0.132656329244,-0.0188861006443
2017-06-11 02:27:50.840,5.8330026069,-11.1098318232,-0.0356526171206,6.92001464469,87.3584012279,19.0567289952,1,0,0.457245919603,-0.0113283926691,-0.201093813956,-0.304427285687
2017-06-11 02:27:51.090,4.6431360469,-9.03325822563,0.50479583432,50.5062494253,107.201218024,31.0285202515,1,0,0.30080989897,-0.133783623504,-0.112313685175,-0.0651367527001
2017-06-11 02:27:51.340,3.45498485998,-6.27078151556,-0.550982314276,325.518129235,123.733277056,45.6440894307,1,0,-0.44242475208,-0.0695701635673,0.0779102609206,0.253453916515
2017-06-11 02:27:51.590,4.54551576136,-7.53373966092,-0.983688779397,266.201015925,105.420864371,39.1429891587,1,0,-0.268933905224,-0.0133925326668,-0.0381486369108,0.103070944717
2017-06-11 02:27:51.840,5.8038333248,-9.49986388002,0.455762619022,20.5510297235,80.8585818598,22.2692353621,1,0,0.439506720685,0.0197313572161,-0.221261083522,-0.15707389555
2017-06-11 02:27:52.090,5.69126215999,-10.457734974,0.488742732721,174.169185953,87.2767409879,23.2573037239,1,0,0.0528322231572,0.16434798205,-0.145679465392,-0.185662464826
2017-06-11 02:27:52.340,4.11971017159,-7.0647305304,-2.60423304068,349.568494887,120.559741262,36.5336242933,1,0,-0.503955293548,-0.0386362952824,0.101006349169,0.0942249476772
2017-06-11 02:27:52.590,4.12253644124,-4.2576490176,-4.19731008031,304.452608092,136.227738806,41.1515665592,1,0,-0.459212545214,-0.277660208351,0.110479180961,0.25384309456
2017-06-11 02:27:52.840,5.33540619503,-6.71866035196,-1.27864736478,334.145017895,111.185818732,34.9350839141,1,0,-0.43387829972,0.0539014529964,-0.0390680403822,0.119211139968
2017-06-11 02:27:53.090,4.85452623217,-8.29629046577,0.36246406667,359.754712245,85.550089322,20.7079145371,1,0,-0.353973191295,0.380541377877,0.0390822106081,-0.0067146441234
2017-06-11 02:27:53.340,5.27125813679,-9.99403509841,0.51620355351,330.921118121,83.2697448911,12.4957850887,1,0,-0.254773516455,0.437284940852,0.0259124827185,-0.180611932954
2017-06-11 02:27:53.590,5.37313976555,-10.257859857,0.963192724943,321.122082513,103.752313518,26.3964064756,1,0,-0.327686984412,0.25093218443,-0.0513856684485,-0.1204860108
2017-06-11 02:27:53.840,3.29843917265,-5.95895068371,-1.79851887583,268.723441189,132.681533641,44.7153794925,1,0,-0.337083003766,-0.221092357349,0.105235953713,0.224766664495
2017-06-11 02:27:54.090,4.5662943128,-6.90209667254,-2.4344622841,261.751640907,119.510439338,42.3522323406,1,0,-0.322070623538,-0.169550533545,-0.018965362021,0.121321024882
2017-06-11 02:27:54.340,7.02886982034,-10.6881465003,0.106784213678,302.673845527,85.4610805333,28.2980662226,1,0,-0.30348955283,0.269350353902,-0.24682378003,-0.171567188495
2017-06-11 02:27:54.590,5.05344255753,-8.43968329565,-1.0356751662,281.048880243,97.0194415534,27.9466088685,1,0,-0.250087569958,0.129397746,-0.0249599869686,-0.029018702395
2017-06-11 02:27:54.840,3.61157825331,-6.24737532672,-1.78158973904,260.737893458,120.641379066,39.754899881,1,0,-0.279313667599,-0.13580013789,0.0835208137545,0.177334129429
2017-06-11 02:27:55.090,5.25689562467,-7.27839059188,-0.251345606371,271.899890704,108.535272352,37.8217471066,1,0,-0.276779594715,0.0196012320059,-0.0969652646376,0.113338428977
2017-06-11 02:27:55.340,6.26126202588,-9.33042237203,0.00991139648292,281.690466088,87.3153452687,22.9848107148,1,0,-0.214092784966,0.262639064606,-0.139088404439,-0.110293191404
2017-06-11 02:27:55.590,5.67412438464,-9.92385433425,-0.605595074048,280.287792547,93.2496143905,23.0030332171,1,0,-0.227582350842,0.210874091491,-0.0707002261032,-0.158124113715
2017-06-11 02:27:55.840,3.69614024852,-6.90318049357,-2.12463033993,253.641108237,116.485242326,38.3528460028,1,0,-0.259874073562,-0.124711922811,0.075963870975,0.118014097368
2017-06-11 02:27:56.090,3.77703126109,-6.49378619631,-1.39021355708,254.026950131,111.129460199,39.5016258691,1,0,-0.241964579703,-0.0806686780952,0.0456284530491,0.171697819072
2017-06-11 02:27:56.340,7.08065381292,-9.44371019474,0.129324867897,279.783939164,86.7341586465,24.2533058871,1,0,-0.224876725961,0.261393905857,-0.227799206412,-0.121124964836
2017-06-11 02:27:56.590,5.92329124909,-8.80351307662,-1.51922913966,267.205801686,94.4104018474,25.8965471249,1,0,-0.226503921793,0.125181835293,-0.0992462814688,-0.0923901514893
2017-06-11 02:27:56.840,2.61621290148,-6.82806173054,-0.856636433832,251.795157882,111.354379543,40.7314074699,1,0,-0.21785062817,-0.0722421233357,0.137586874872,0.188163791536
2017-06-11 02:27:57.090,5.55700981766,-7.77558750921,0.70211055047,266.289804647,97.0472523548,34.2377394826,1,0,-0.215572363589,0.134896698395,-0.13717510215,0.0811196663514
2017-06-11 02:27:57.340,7.11456071135,-9.85052511989,-0.42729804991,278.590910619,79.5345096662,21.1575335986,1,0,-0.20807286201,0.294954637663,-0.218084719605,-0.174625817213
2017-06-11 02:27:57.590,3.9063342672,-8.97914996006,-0.594531283083,268.032917899,95.5960475839,28.2845780672,1,0,-0.196170187162,0.137130016873,0.0642811363965,-0.0349666043201
2017-06-11 02:27:57.840,4.44445099548,-5.23773054419,-2.28318148648,239.947927407,126.355064259,39.7224537934,1,0,-0.255125361336,-0.209518724328,0.0170128604681,0.209960597315
2017-06-11 02:27:58.090,6.10637217107,-4.89706848137,-3.80248854453,233.541580019,125.631096192,40.1432837326,1,0,-0.29138225426,-0.277406887858,-0.12454743894,0.173547326539
2017-06-11 02:27:58.340,5.15419873807,-7.45082301423,-0.780017793435,259.372403203,97.4857162144,30.3956680882,1,0,-0.201686900122,0.0893061938512,-0.0569315736366,0.0514374001712
2017-06-11 02:27:58.590,4.77135453479,-8.44256053089,1.62166496683,270.950193487,80.7020738935,16.2673469682,1,0,-0.0878040136533,0.387819862102,0.012606032776,-0.0309353855907
2017-06-11 02:27:58.840,4.35845638539,-9.51732097484,1.09663585263,259.398270935,83.2815369615,12.9192531223,1,0,-0.0587270502302,0.371898013629,0.0729315858868,-0.132788008047
2017-06-11 02:27:59.090,4.22299774775,-9.19213471447,-0.92948745265,246.548132729,98.1131126867,27.1848358292,1,0,-0.156026422123,0.0979720955242,0.0394136009683,-0.0754860421201
2017-06-11 02:27:59.340,4.34143424783,-7.12643914361,-1.52187766037,229.690758175,108.794241173,43.2366175917,1,0,-0.211766130964,-0.125742491171,-0.046838420632,0.138175379934
2017-06-11 02:27:59.590,4.00451522711,-8.05782340525,0.895286096772,226.870064919,96.2890119937,40.3143813396,1,0,-0.124264430482,0.0540105329096,-0.052536300582,0.125028321137
2017-06-11 02:27:59.840,4.91534526724,-9.62258523392,1.5011143971,248.787423286,78.1146359938,27.1015483909,1,0,-0.0929859196788,0.296047733302,-0.0881116053722,-0.0468707699191
2017-06-11 02:28:00.090,4.46904996574,-8.91879720113,0.519964908593,250.487137684,82.9064358904,29.1479934766,1,0,-0.123093166475,0.215055989489,-0.0352066504167,-0.00387385749304
2017-06-11 02:28:00.340,3.7538742088,-8.27281429056,-0.85518115987,236.81768993,103.496093804,42.6837997219,1,0,-0.20243331531,-0.0566628226767,-0.00761314874869,0.0887746563654
2017-06-11 02:28:00.590,5.61772702575,-7.77233800152,-1.86441359634,246.361004189,102.310623522,46.9852143273,1,0,-0.286951540169,-0.112706088666,-0.192302870453,0.0991516734768
2017-06-11 02:28:00.840,5.2265590367,-8.54700725479,1.4053719414,252.054638847,83.4796473234,34.256375015,1,0,-0.144381659578,0.212525919304,-0.146504084639,0.0594981861909
2017-06-11 02:28:01.090,4.74152137225,-10.648934995,1.8104212329,256.094008297,87.3303651685,21.9430035065,1,0,-0.0994272965181,0.320129357699,-0.0303050265172,-0.145408071269
2017-06-11 02:28:01.340,6.4501587309,-9.00330312351,-0.4222189503,252.428909386,75.7546721719,35.275666071,1,0,-0.191539963994,0.170202006529,-0.25898504311,-0.017595322252
2017-06-11 02:28:01.590,4.41467236971,-4.7307805188,4.50822470013,162.224837933,24.9625213573,44.5261176837,1,0,0.215410005732,0.399912820509,-0.28655845941,0.492447541535
2017-06-11 02:28:01.840,1.86344750689,-3.83954233221,7.43337686526,41.0051225018,9.43566125853,15.5039486021,1,0,0.767981346712,0.658238707488,0.0286746711694,0.459280242997
2017-06-11 02:28:02.090,1.48824854087,-4.65048108447,5.40893953633,15.2555180031,21.8627930409,-5.35272695375,1,0,0.870026278968,0.649109255316,0.226718070589,0.217750566767
2017-06-11 02:28:02.340,0.217553237365,-4.12006430808,6.38827228311,36.8969107541,13.8161126469,3.3381723833,1,0,0.830788162711,0.678868587919,0.277436435553,0.363490974834
2017-06-11 02:28:02.590,0.694482246842,-4.27329225411,5.50347653964,20.2600118985,16.7366206047,0.140474265592,1,0,0.856275745996,0.63630717271,0.260882845836,0.299549335799
