,lin_acc_x,lin_acc_y,lin_acc_z,gyr_x,gyr_y,gyr_z,rotation_x,rotation_y,rotation_z,rotation_theta
2017-06-11 02:26:25.891,0.29186733166666656,-2.4418120380952382,0.91159681047619046,-0.47686669539,0.766965143707,0.273270608024,0.0666647291905,0.143518837619,0.881969283333,0.443692981905
2017-06-11 02:26:25.991,0.77144108740350004,-2.0511279549999997,0.32724458549999991,0.407230471,-0.51338349425,-0.488069667,0.05280970955,0.1457890045,0.8760013135,0.456460924
2017-06-11 02:26:26.091,2.0475434216999999,-2.7874614050000002,0.037766474450000032,-0.53529019654,0.36807522275,-0.105993309525,0.03442099495,0.1462636225,0.873711738,0.4622746155
2017-06-11 02:26:26.191,-0.61064756144999999,-3.4808953850000002,-0.67355517699999989,-0.284308037083,-1.8172183885,-0.056004501275,0.0729257569,0.1123667907,0.8659747245,0.481179958
2017-06-11 02:26:26.291,-5.1103919950000005,-6.2197161300000001,0.55563636535000005,1.98815989125,-7.5363587975,2.832353235,0.2814153505,0.0200983968085,0.848197247,0.431625724
2017-06-11 02:26:26.391,3.3527580035,-4.3517095159999997,0.23864855979999994,3.79880362,-5.9644796025,3.9543863975,0.633058893,-0.08260385795,0.7387935515,0.1808245869
2017-06-11 02:26:26.491,6.3481602631578946,2.2104001157894739,-0.29544955947368412,0.97062938505,0.982394585,0.776370414375,0.3606348135,-0.0482886276,0.3429793795,0.00981763506
2017-06-11 02:26:26.591,-0.37393060949999996,1.1771028200000002,-2.543788852,-0.293225107625,0.593983129232,-0.104209901155,-0.253484915263,0.0259146494737,-0.266175073158,0.00865352099211
2017-06-11 02:26:26.691,0.51786460238095244,-0.62024942714285713,0.99121142380952354,0.60984752515,-0.58362867885,-0.39671631491,0.3267400065,-0.0513012458,0.3752364035,0.0059141739075
2017-06-11 02:26:26.791,-2.4021050168421056,-0.59950287631578947,0.51232862789473688,-0.99519790125,3.02080948925,-0.76532390825,0.445827647143,-0.048649391381,0.554428487143,0.0293178054524
2017-06-11 02:26:26.891,-2.9920002155000005,-0.44494093099999993,1.6131503734999999,0.867313582872,-1.46031047295,0.458295601026,0.588038421053,-0.057461966,0.8044364,0.051444283
2017-06-11 02:26:26.991,-0.2212739925714286,-0.47835034704761897,1.8110464892857141,0.71240710235,-1.549573285,1.105503349,-0.212114676,0.016020166,-0.21222203,0.02102377423
2017-06-11 02:26:27.091,-0.70180590631578954,-0.20905168836842106,2.0011224084210526,0.38247562725,-0.86644609925,1.608372675,-0.695574045714,0.0775022166667,-0.708672935714,0.0843212207143
2017-06-11 02:26:27.191,-1.25768719535,-0.37722572254999998,1.3612008515,-0.014134216675,-0.68160994525,1.920736205,-0.7082707655,0.13159776255,-0.674619997,0.158278356
2017-06-11 02:26:27.291,-1.5154499429999999,0.94916141919999997,0.16854743225000002,-0.785506920634,0.170589627,1.79416450976,-0.713089131579,0.20012327,-0.636241213158,0.214272422105
2017-06-11 02:26:27.391,0.34083133650000008,-1.2751561815000001,0.0095486950000001347,-1.67508451538,0.143328285513,1.2365545459,-0.6940474065,0.3072640855,-0.615950073,0.208466328
2017-06-11 02:26:27.491,0.26108058952380953,-5.5633113019047613,0.67432738428571415,-1.628788786,-0.3556711869,-0.357986963005,-0.7059161105,0.371549875,-0.5790119275,0.166058392
2017-06-11 02:26:27.591,-2.0059037473684209,0.18050219105263174,1.8692923326315789,-1.58340901603,-0.786339926103,-0.402356623231,-0.7494477315,0.392940062,-0.52247265,0.097403296
2017-06-11 02:26:27.691,-2.0188112250000003,-0.010968941779999972,1.2933984424999998,-0.156176891844,-0.465440381439,0.329181623512,-0.7628099665,0.4132034485,-0.489310375,0.0886803324
2017-06-11 02:26:27.791,-2.7984892750000006,2.5441826184999998,1.2411469895,-0.247575042375,0.612456093675,0.732423923157,-0.755387406,0.432387101,-0.4840444365,0.08898067975
2017-06-11 02:26:27.891,-3.6385999649999996,3.1879461800000009,1.9120358289500001,1.16101371128,-0.511941332154,1.69891794359,-0.719164486,0.476930491,-0.4854583475,0.1361468468
2017-06-11 02:26:27.991,-0.32528729999999995,-3.7703109084999999,-0.16937789575000037,0.580170930537,-0.288644185171,2.45231998024,-0.661677677,0.523182952,-0.4844593205,0.227222039
2017-06-11 02:26:28.091,-2.5339375455000002,-2.0988101730000004,1.2811799805999999,0.42847172,-0.303393217275,-0.2053054848,-0.628383536,0.5437824105,-0.4737345745,
2017-06-11 02:26:28.191,-2.1040845666666672,1.7026178347619054,0.32609703923809519,0.65805291575,0.4173985835,-0.207035659725,-0.626070007,0.525302381,-0.490473556,0.302344912
2017-06-11 02:26:28.291,1.6939008340000001,-6.0268581499999998,-0.46464690149999965,-0.60409801675,0.282471383367,-0.44792956025,-0.61933445,0.5161411135,-0.510710137,0.298556499
2017-06-11 02:26:28.391,-1.9916224894736838,0.33538333684210525,3.3774999000000001,-0.32612507885,0.10005748075,0.00620202047,-0.638682128095,0.526340633333,-0.498990287619,0.256834427619
2017-06-11 02:26:28.491,1.2282820160000001,1.9919345065000003,0.42059937470000008,0.32899984075,0.0035402083875,0.040246582755,-0.6301597065,0.5262226005,-0.509865685,0.2568907785
2017-06-11 02:26:28.591,-1.6259378679000001,1.6772707999999998,-1.0647401349999999,-0.661593129325,-0.027602980725,0.187231785035,-0.6272990985,0.534952417,-0.503400118,0.258370043
2017-06-11 02:26:28.691,1.0056303815238095,-2.0511880580952382,1.5342853589047618,-2.45671847,-1.84176027275,-0.286011591615,-0.66196671,0.564617717895,-0.436410323158,0.225349248421
2017-06-11 02:26:28.791,-3.3428143763157894,-3.7137453526315798,2.8166208210526311,-1.06584235915,-1.080828377,-0.75696580875,-0.7389418485,0.555724129,-0.32027152,0.204696571
2017-06-11 02:26:28.891,-3.6791621599999997,2.66766405,4.9779831300000001,1.26446670035,1.6422309135,-0.02033623626,-0.743799321,0.54537245,-0.3324086065,0.19477146
2017-06-11 02:26:28.991,-0.66389190199999981,1.3286031614999998,1.8176793929999999,2.355516425,0.265914925025,1.0267403625,-0.682063339,0.5361835905,-0.4323964875,0.242429844
2017-06-11 02:26:29.091,-1.1703437650000001,-0.70101795809999989,-0.42479223648500009,1.1346768025,0.83051166297,-0.49155664506,-0.64591831,0.503505031905,-0.486052861429,0.30411465619
2017-06-11 02:26:29.191,3.1228423469499997,-5.1726750179999996,-0.55577075080000016,-0.93898045289,-0.17014296085,-0.222314452525,-0.646440171053,0.502129712632,-0.496415432105,0.288622232632
2017-06-11 02:26:29.291,-0.034627127142857157,0.49649848823809511,2.4993277487142853,0.28457421375,-0.7873104697,0.04953630354,-0.661958501,0.4922181655,-0.489625492,
2017-06-11 02:26:29.391,-1.7165808649473686,1.5781144705263155,-2.5355572526315786,-0.80477194515,-0.29647250985,-0.0352157597525,-0.6720460265,0.490159627,-0.47177753,0.2919206285
2017-06-11 02:26:29.491,-0.082729997999999999,-3.1738617544999999,2.9789232029999999,-2.67346973,-1.1956588929,-0.61852503375,-0.715137948,0.52276242,-0.39783231,0.2346960935
2017-06-11 02:26:29.591,-3.0382067900000003,-2.4903173769999998,2.7402432749999996,-0.744082652625,-0.708201441185,-0.47885979925,-0.7746925055,0.51983166,-0.3014062535,0.196019248
2017-06-11 02:26:29.691,-3.7912879199999998,3.6912347750000003,4.4872444200000006,2.00652638375,1.3664939185,0.327589083325,-0.7633663585,0.509447922,-0.3324346425,0.2142564595
2017-06-11 02:26:29.791,0.32128430649999995,-0.28021920150000007,1.31183465225,2.5591183475,0.51247847025,0.875283316,-0.691030133333,0.500745763333,-0.426356308571,0.296889458095
2017-06-11 02:26:29.891,-1.7587871274999998,-2.3756291525000002,-1.9193439475000003,0.50188446345,0.632153508,-0.289259002435,-0.6444399595,0.4773488975,-0.495105487,0.3336159955
2017-06-11 02:26:29.991,3.3516650619047619,-3.0310777504761899,1.841882059047619,-0.56331906075,0.2726759108,-0.48801643185,-0.644421311,0.4795096755,-0.5118788105,0.3041647015
2017-06-11 02:26:30.091,-0.45341358842105278,1.1862649142105264,0.59336985210526338,-0.0314892231925,0.086189441225,0.160746766325,-0.656074062105,0.47916532,-0.499634121053,0.300488827895
2017-06-11 02:26:30.191,-1.5594531252857144,1.9119184261904767,-1.5863309471428571,-1.34344263225,-0.06313815608,0.08951670505,-0.65660632,0.497784640952,-0.49171489,0.280682404286
2017-06-11 02:26:30.291,-1.1790353767499999,-5.5745330550000007,3.2294212561500011,-2.425069525,-1.54752368925,-0.7480221345,-0.7135492205,0.528755421,-0.4037469965,
2017-06-11 02:26:30.391,-2.6067300409999996,-0.26870459700000004,3.3125087500000001,0.10444945935,0.40278524205,0.0153054134,-0.7506417385,0.531109681,-0.3457841085,0.186546939
2017-06-11 02:26:30.491,-4.3845063473684212,4.5085124842105255,3.7488268631578952,2.41192837436,1.59181759103,0.756336530256,-0.702580232105,0.525086708947,-0.431552267895,
2017-06-11 02:26:30.591,1.8362103580952382,-0.068197183809523831,-0.52401055380952377,1.700977075,0.616848089,0.48359782375,-0.634457091,0.512793305,-0.506282165,0.2783192225
2017-06-11 02:26:30.691,-0.51221260315789474,-4.3331539696315788,-0.66993004315789451,-0.3445182015,0.7115819425,-0.637077846,-0.6101296745,0.4969584345,-0.554785337,0.2697484425
2017-06-11 02:26:30.791,0.38337597649999988,-2.7157662279999997,1.9587670657400005,0.0965172694125,0.288886347335,-0.23674147192,-0.610654507143,0.499769165714,-0.566303873333,0.237910699048
2017-06-11 02:26:30.891,-2.4488439192499998,1.1298651385000003,-2.2012923603000001,-0.267884660325,0.12747413254,0.108442180858,-0.609539279474,0.497124435789,-0.570257531579,0.236780997368
2017-06-11 02:26:30.991,-2.0406294120952384,0.63047414428571436,-1.507471143333333,-1.9299727035,-0.152894422135,0.311218943888,-0.612786891,0.535474142,-0.542875244,0.2055941165
2017-06-11 02:26:31.091,-2.2895933675000002,-5.4950761130000005,2.4382714437000006,-1.975356571,-1.83140583075,-0.3587588942,-0.663438834,0.580879013,-0.4353121745,0.1758226755
2017-06-11 02:26:31.191,-3.6609497578947376,0.74714132421052626,2.4147588866315788,0.4676003368,1.19265103199,0.575989288,-0.6687246125,0.605193587,-0.3927522205,0.178501631
2017-06-11 02:26:31.291,-3.8400871938095236,3.7288278809523812,3.8070753690476189,1.6248492975,1.7902010125,1.182509539,-0.5957753575,0.622042425,-0.4726616725,0.182279127
2017-06-11 02:26:31.391,1.4685954734210527,-0.19939544315789473,-4.6388850526315801,0.643865468525,2.6389727025,0.156301549025,-0.497653605238,0.631650384286,-0.565128003333,0.179438729524
2017-06-11 02:26:31.491,-3.5766449530000002,-2.7378046729999999,3.9807825799999996,-0.20168541925,1.83987038575,-0.299400505575,-0.432389137368,0.652190958421,-0.616781404211,0.0796111411579
2017-06-11 02:26:31.591,-0.60603709800000005,-6.6795538840000006,2.6955429314999995,0.45506321235,1.939395492,-0.134953816965,-0.243659209048,0.401353858095,-0.402474491429,0.0212919404905
2017-06-11 02:26:31.691,-1.2232199665999999,-0.8554836535,0.24894582915000002,0.73966405025,2.179091575,0.74099495575,0.0339219195,-0.1212004575,0.1582205155,0.0082959378275
2017-06-11 02:26:31.791,1.7696000359999999,2.9212299199999996,-1.9509478779999998,0.0635108096125,1.79517859,0.60516273225,0.200789272632,-0.619614252632,0.757276538947,0.0400265698421
2017-06-11 02:26:31.891,2.1186970065000001,0.13138998349999995,-3.3501541350000004,-0.4843165156,0.8664727068,-0.163861085485,0.14039227619,-0.632254051905,0.757754685238,0.0777277951429
2017-06-11 02:26:31.991,-1.3234784715000001,-4.0946242600000007,-4.0988711349999996,-2.568993685,-0.625152932605,-0.90632002725,0.150274110526,-0.680461957895,0.707735089474,0.109426874158
2017-06-11 02:26:32.091,-3.6070537920000008,-4.8030904899999998,2.3903892930000001,-3.087754,0.80748698234,-0.208473037738,0.149682534,-0.7768683535,0.5879157555,0.1611495045
2017-06-11 02:26:32.191,-2.9873872110000002,2.7477047950000002,3.5310332549999996,-1.00350276,-0.537100227825,-0.163967557687,0.1351540345,-0.828800041,0.5092877225,0.1874791175
2017-06-11 02:26:32.291,-3.9807387099999993,4.7933300800000005,4.1587919700000002,0.614718634075,0.22021162335,0.185980734725,0.141833950476,-0.839881944762,0.494840818095,0.171684298571
2017-06-11 02:26:32.391,-1.7999194599999999,1.5304525250000001,0.68787259270000001,1.8364366525,0.66936562235,0.8483724095,0.112339117158,-0.8013544,0.558819462632,0.178824368947
2017-06-11 02:26:32.491,-1.1498583580999999,2.1553110059999998,-2.0680242635999995,1.23995142475,0.0986999530375,-0.17778235865,0.10333729665,-0.758712642,0.6203522135,0.169151566
2017-06-11 02:26:32.591,-0.97455049849999997,-3.6688000525,-1.918780417,-0.0943345886,0.104875354525,-0.279011027775,0.113534689,-0.7333416595,0.6467713285,0.1759190225
2017-06-11 02:26:32.691,0.26890718149999993,-1.6789380860000005,-0.024978368450000003,-0.73625693075,0.230326505775,-0.12813958492,0.11031588935,-0.7522766855,0.6208306945,
2017-06-11 02:26:32.791,0.39280471000000022,0.27859839949999998,-3.06340989,-0.80211013125,0.51194610975,-0.0484183407675,0.09200183935,-0.7674797715,0.5995559865,0.206974402
2017-06-11 02:26:32.891,-2.7504575500000001,0.16904792910000005,-0.85292916399999985,-2.4434094375,-0.5999722033,-0.394001271,0.07776969615,-0.809369949,0.535380199,0.2253043165
2017-06-11 02:26:32.991,-2.3584798569999998,-3.340833275,2.4216786188900001,-1.20428316183,-1.1725543612,-0.086082965275,0.0985842309524,-0.876261877143,0.433532672381,0.183684275238
2017-06-11 02:26:33.091,-4.42757939,3.6825368259999998,2.7356957900000003,1.55034518875,1.7668835355,0.272383121575,0.0875463676316,-0.868775078421,0.447185512632,0.190907741579
2017-06-11 02:26:33.191,-2.0906902000000001,1.4843328809999998,0.67705527929800002,2.26323144,2.1609646475,1.42712997625,0.018566190435,-0.7963134645,0.550550146,
2017-06-11 02:26:33.291,0.012889377500000077,-2.3861172700000002,-3.6683681679999993,0.755901095225,1.8993086275,0.10705804,-0.05232559695,-0.7137884815,0.630092023,0.299808169
2017-06-11 02:26:33.391,3.89748158,-3.6624576675,-0.16229385250000003,-0.41023831317,1.5457402705,-0.4716462915,-0.10349218825,-0.692573416,0.614836476,0.3617928715
2017-06-11 02:26:33.491,-2.7173233524999998,0.61999287164999983,-0.31933342000000009,0.056803047125,0.91627520275,0.340791665625,-0.136877343095,-0.673258704762,0.597691540952,0.41288733619
2017-06-11 02:26:33.591,1.6438980185000003,2.3768458914999995,-3.8092482850000002,-0.198198451915,1.1664854465,0.0367329934975,-0.1810611505,-0.6547326405,0.586616702,0.440438241
2017-06-11 02:26:33.691,-0.31657781249999994,4.1552143799999994,-1.3577008735,-0.94462349625,-0.205438577457,0.275870092425,-0.210987768947,-0.670442554211,0.552763456316,0.447503048947
2017-06-11 02:26:33.791,-1.494599112,-7.6676231015000003,-2.0378723839999995,-2.22025069487,-0.589911923846,-0.398479931069,-0.2308039085,-0.71837356,0.508436439,0.413473053
2017-06-11 02:26:33.891,-1.7377747745000005,-4.4070843380000007,-0.62009974349999997,-1.65325081375,0.337065129715,0.00705379915,-0.2600991565,-0.774059888,0.423956484,0.3909238255
2017-06-11 02:26:33.991,-3.35461301,2.4358570214999999,3.0269021250000003,0.09374898416,0.119621785975,0.19992862395,-0.2845116855,-0.783671257,0.3940479835,0.3868108075
2017-06-11 02:26:34.091,-3.8943213680000008,4.3093350100000007,1.3561830303,1.315200831,0.750763798,1.0485139645,-0.2996809515,-0.754420824,0.428094297,0.3963166925
2017-06-11 02:26:34.191,2.4345406909999996,-0.12808718549999998,-5.7238407799999997,0.664707444955,1.309451306,0.0253936745,-0.3251919195,-0.695505334,0.4729594305,0.431794596
2017-06-11 02:26:34.291,-2.116673910499999,-2.7190304774999996,0.25088398550000013,-0.120713128475,1.46993190415,-0.07266743647,-0.360274487,-0.656475149,0.438329976,
2017-06-11 02:26:34.391,1.7690051638095241,0.83016090552380939,3.0220877504761909,0.11499023285,0.561189610725,0.240121973225,-0.3875074605,-0.6356586205,0.4209035075,0.5181817405
2017-06-11 02:26:34.491,-1.6572803384210524,1.0822487657894737,-2.1266951340000002,0.5281033051,0.588260231,-0.138254461975,-0.380803542,-0.610741797,0.423506333,0.550005271
2017-06-11 02:26:34.591,0.19270762795000002,1.7389146799999999,-1.719947838,-0.30166304322,0.56222771775,0.050947063075,-0.393358688571,-0.593678143333,0.417621260476,0.56417624
2017-06-11 02:26:34.691,-1.6738009129999998,2.3617999649999999,-1.8006875100999999,-1.07207101125,0.225482015375,0.153559879512,-0.424613837368,-0.607883760526,0.380093924737,0.552698523684
2017-06-11 02:26:34.791,0.64257835704999999,1.8438524685000002,-1.3916857549999999,-1.74505668,0.694306787625,0.0066012908625,-0.4734787335,-0.614887121,0.331379743,0.535754351
2017-06-11 02:26:34.891,0.28220206849999968,-4.6530395109999994,2.4670603600000005,-2.4997865675,-2.03160062975,-1.0092788745,-0.51016586,-0.6793331745,0.2501580905,0.4614036905
2017-06-11 02:26:34.991,-3.8506411399999996,1.6828002725000002,2.4307273039999999,-0.02259877719,0.106259495425,0.0503082268775,-0.50658033,-0.737612771429,0.228166624286,0.383600962381
2017-06-11 02:26:35.091,-2.4962715135,3.9480741699999995,2.3035850310200003,2.60109574634,1.08871965441,0.941216368293,-0.5017892415,-0.6860173885,0.259218654,0.456397773
2017-06-11 02:26:35.191,1.7257305215000003,-0.99303023300000004,-2.612494925,2.10981965308,0.357665495974,0.171584425487,-0.473222286316,-0.616012087895,0.359483240526,
2017-06-11 02:26:35.291,1.4017092038095238,-4.2443631434761908,-2.2705217461904761,-0.672672107171,0.749462102073,-0.526804858244,-0.457301118,-0.595743966,0.346482085,0.561858722
2017-06-11 02:26:35.391,0.29056801210526317,0.69912513631578943,1.7571861715789476,-0.186981989667,-0.424415538051,-0.154057434215,-0.466950677143,-0.606639800952,0.308223890952,0.564624539524
2017-06-11 02:26:35.491,-0.82501119649999999,2.1071170420000001,-2.0211702075,0.106472440625,0.0917792442325,0.145361498575,-0.463238477,-0.615015666,0.316448292,0.554069216
2017-06-11 02:26:35.591,-0.62823465200000006,0.41085751525000003,-2.6060921142,-2.111242036,-0.92969072305,0.01051415325,-0.489850198421,-0.633969293158,0.295362681053,0.519283821053
2017-06-11 02:26:35.691,-0.47136026850000012,-4.0398379195,3.5328329000000003,-1.9532901515,-1.84045601625,-0.841079047478,-0.506541526667,-0.720231972381,0.248010359524,0.401520566667
2017-06-11 02:26:35.791,-3.1414348349999996,1.1593810420000001,3.4460394350000003,0.68525663275,0.591720589175,-0.046342129495,-0.498759973158,-0.75310162,0.234105176842,0.359260494211
2017-06-11 02:26:35.891,-3.4294421564999999,4.5551261100000007,2.7507745119999996,2.7018712575,1.3701139845,0.94443715875,-0.4880527235,-0.6932555745,0.272165567,0.452635326
2017-06-11 02:26:35.991,2.6589573835000002,-4.0242381266499994,-2.18809076375,1.35313161921,0.66603834475,0.020336233775,-0.470239846,-0.6176151225,0.355728259,0.5198503095
2017-06-11 02:26:36.091,1.8933604469999998,-3.4619868379999992,-1.4420961455000001,-0.814407695612,0.603113142425,-0.382156205025,-0.4708484715,-0.602963152,0.3316745255,0.551746998
2017-06-11 02:26:36.191,0.37148542200000001,1.0423157902500002,1.5504653724999999,0.24832035015,-0.56286655185,0.257397123375,-0.47658875619,-0.610108921429,0.314117754762,0.549414075238
2017-06-11 02:26:36.291,-1.0480981657999999,2.7433270950000002,-2.3931799274999999,-0.14309895688,-0.0715228619425,-0.08842536135,-0.464036082632,-0.619626384737,0.316351539474,
2017-06-11 02:26:36.391,0.06789307899999994,0.25775859500000009,-1.8270085134999998,-1.9245426035,-0.52512207959,-0.0035135914,-0.486966278,-0.639565233,0.295050438,0.5157221775
2017-06-11 02:26:36.491,-1.5143574399999999,-4.6351064523809518,3.1394851500000001,-1.7451897725,-1.8928404275,-0.9795730675,-0.500899656,-0.7151198605,0.238901706,0.4228066385
2017-06-11 02:26:36.591,-3.6915530368421052,1.6919316826315787,2.7251213894736837,0.523844406125,0.3570287187,0.11709306649,-0.4875237055,-0.753874584,0.2363186505,0.3714805335
2017-06-11 02:26:36.691,-4.1000769949999993,3.046485305,3.1043564900000002,2.291260285,1.5874774675,0.8864895395,-0.490208304762,-0.694426832381,0.268212854762,0.451131948095
2017-06-11 02:26:36.791,4.0862925939999988,0.98876209250000002,-1.4912660105,1.596607479,0.83168286,0.172591825375,-0.480111911053,-0.612935170526,0.330011548947,0.533181987368
2017-06-11 02:26:36.891,-1.8535747675000003,-3.875759875,-0.57357945299999991,-0.29263950325,0.19069213525,-0.203255889015,-0.46348015,-0.595451713,0.326411116,0.5691673215
2017-06-11 02:26:36.991,1.8802162140000001,-2.1289914124999996,-0.86257289199999987,-0.202270335897,-0.111413852492,-0.229543661197,-0.469823618095,-0.603925604762,0.309608052381,0.564480027143
2017-06-11 02:26:37.091,-0.87057883550000015,1.6605659885000001,-1.4312683525000001,-0.318612285529,0.298616239854,0.24275716441,-0.478781135,-0.607385848,0.3020659525,0.557254304
2017-06-11 02:26:37.191,-0.90998040190476204,1.1392617576190478,-1.9625019819047618,-2.16635926923,-0.589447806492,-0.0707632210897,-0.511848836842,-0.621272902105,0.267368384211,0.528731954737
2017-06-11 02:26:37.291,-1.2840828642105266,-2.5590203327894741,4.1434834068421056,-1.33644207325,-1.55090418175,-0.68810476393,-0.5341487925,-0.6881228675,0.229235276,0.43298488
2017-06-11 02:26:37.391,-3.6801153599999998,1.02557085773,2.7997347750000001,1.29518400453,1.334791753,0.023903061935,-0.527078714,-0.701942223,0.2296748785,0.4194363685
2017-06-11 02:26:37.491,-1.0100001095238096,2.1384982357142857,0.16430750447619044,2.4239782,2.0277942475,1.30649669575,-0.5172800265,-0.6149693975,0.2661917605,0.5300226155
2017-06-11 02:26:37.591,-0.79903935421052641,1.5545389684210524,-1.3934819785263157,1.51768479375,1.21346640175,0.06060943746,-0.504873114286,-0.516568661429,0.300285718095,0.622272665714
2017-06-11 02:26:37.691,1.9202777057142857,-3.8313495252380951,0.42832543828571418,0.329106315167,0.590549389875,0.120021056688,-0.498782634737,-0.476115377895,0.305985956316,0.656277331053
2017-06-11 02:26:37.791,0.98574412947368406,-1.1415349447368421,-1.2631703852631577,0.5361952135,0.446013054675,0.54955750525,-0.495696009048,-0.445179782381,0.310682037619,0.677770124762
2017-06-11 02:26:37.891,1.4993720930000001,2.88427319,-4.0457824999999996,0.1565677228,0.5684031235,0.5413058885,-0.504657973158,-0.405492215263,0.325365775263,0.68913583
2017-06-11 02:26:37.991,4.2641063602095244,1.892693247619047,-0.81763758649999996,-0.97744361625,-0.615996300525,0.36780905204,-0.5364078465,-0.392537214,0.3313361205,0.669354155
2017-06-11 02:26:38.091,-6.1843293473684211,-12.705958473684211,-2.7959894973684212,-2.216623115,0.50885840375,-1.9531304525,-0.5550194525,-0.4629885015,0.2823660645,0.629166855
2017-06-11 02:26:38.191,0.26173447899999985,-2.6192369949999996,3.3951921080000007,-1.382917285,-0.8616282332,-1.4056491525,-0.585153112857,-0.523121260476,0.16828827619,0.59544908381
2017-06-11 02:26:38.291,-6.4034837949999996,6.3343205310000004,3.93402765,0.509977016634,-1.81506947805,-0.770678686273,-0.549541214737,-0.606832967368,0.173045375789,0.546780918947
2017-06-11 02:26:38.391,0.59919375899999971,0.34892901000000054,-4.6790169649999998,0.71557464925,-0.3093556762,-0.0607957619,-0.506769451,-0.634823209,0.228790239,0.5363023985
2017-06-11 02:26:38.491,-5.219605275000001,-5.5748404049999998,-1.6925218024999999,-1.16052230205,0.772989922308,-0.306258420667,-0.5147100645,-0.645448366,0.206991205,0.5245695365
2017-06-11 02:26:38.591,-6.1725939450000009,0.81512001950000013,8.4395431199999997,0.51604530025,3.0673645375,0.530152897125,-0.5434376245,-0.592328969,0.1420567785,0.5755571995
2017-06-11 02:26:38.691,0.7642567455,-1.0648101235,3.2113146129999999,1.30275523415,2.77786597317,0.91130021561,-0.558046974,-0.4598103205,0.1264783339,0.6774771205
2017-06-11 02:26:38.791,-0.47769209880000008,0.66567962650000001,-0.49678285320000004,0.59269658641,3.04816945385,0.760022120769,-0.5543653785,-0.3261674145,0.1021085274,0.757407387
2017-06-11 02:26:38.891,3.4991755050000002,1.1962522875999999,-1.8759457073500001,0.1746414199,1.753547855,0.68805152725,-0.564561461429,-0.214088810952,0.0551965713333,0.794865554286
2017-06-11 02:26:38.991,3.9319481600000001,-0.74556642150000019,-3.0467087250000002,-0.435844937775,0.574738229225,-0.0656136401075,-0.574746542632,-0.167602630526,0.0276938150526,0.800440862632
2017-06-11 02:26:39.091,-2.4633468955,-5.7637167050000002,-3.4168600100000006,-2.2618739075,-0.366291814675,-1.62929451425,-0.6149032235,-0.1964250615,-0.01250590139,0.76250466
2017-06-11 02:26:39.191,-4.8962913399999994,-6.2502209150000008,0.3693685089999999,-3.13878093,0.97946659475,-1.4247343475,-0.697833531,-0.2250792475,-0.1176147713,0.667583329
2017-06-11 02:26:39.291,-3.04483814,1.5596024102999999,3.9534477550000005,-1.620244382,-0.599173655375,-0.94733854725,-0.7606048035,-0.2327308245,-0.187418332,0.575608641
2017-06-11 02:26:39.391,-7.3177739099999997,6.7672492349999995,5.0592975899999999,0.36365662075,-0.18161536635,-0.152867803475,-0.778826053,-0.27286921,-0.187151313,0.5327884245
2017-06-11 02:26:39.491,2.9268845952380951,-3.56640047,-7.0555277619047629,1.5731036741,1.13246749425,0.91204293425,-0.7451225395,-0.245289874,-0.173381335,0.5942717625
2017-06-11 02:26:39.591,-4.1538093684210535,-5.8304810121052624,-1.2959933457894737,-1.119717421,1.00169271128,-0.39557173885,-0.734514315238,-0.202995225238,-0.212236139524,0.611305347143
2017-06-11 02:26:39.691,-7.5175638875000006,2.3698621695000006,4.2277940044999998,0.380612355237,2.2554056925,0.6216925776,-0.712942894211,-0.133758802737,-0.27086051,0.630953812105
2017-06-11 02:26:39.791,0.9895425295000001,-0.91216296599999969,1.6739202965,1.0915554515,2.8736379275,0.7265945545,-0.64923305,-0.0114936526648,-0.315603197143,
2017-06-11 02:26:39.891,0.67525707349999997,0.14417784599999997,-1.7931245657499999,0.388278370525,2.945959315,0.52927450325,-0.574431151053,0.0936362688421,-0.380495412105,0.71753255
2017-06-11 02:26:39.991,3.2214788650000004,0.85244614149999975,-2.4091063250000007,-0.04977586529,1.9070545,0.42304162375,-0.5288665785,0.1851686985,-0.4374458235,0.7028987495
2017-06-11 02:26:40.091,3.6036949100000002,-0.39801031525000002,-3.798691485,-0.45737898635,1.049871491,-0.04756656225,-0.513702429048,0.238490482857,-0.470142935238,0.67668621381
2017-06-11 02:26:40.191,0.70859132750000042,-3.6795474399999994,-4.4678808099999996,-2.08473039,0.0015172305,-1.28552161575,-0.548703448,0.267076166,-0.489893981,0.621469095
2017-06-11 02:26:40.291,-2.7688554985000002,-6.0095215900000003,-1.1870366650000004,-3.176578625,0.87959544675,-1.15389507725,-0.636464938947,0.307391780526,-0.495130725789,
2017-06-11 02:26:40.391,-2.0821697599400002,0.93301615185000009,2.8189602169999999,-2.036950875,-0.44635909005,-0.5676844365,-0.697808134286,0.357520135238,-0.482784861905,0.388720837619
2017-06-11 02:26:40.491,-3.3342730000000005,5.1881655799999997,4.6789857100000001,-0.350320943475,-0.882869481,-0.45293376025,-0.751397511,0.351861417,-0.4339864515,
2017-06-11 02:26:40.591,-1.9843753348095239,4.2953597528571423,-0.33372564285714273,1.3983025615,0.1532404596,0.334589645258,-0.748981084211,0.331334361579,-0.432163168421,0.376904590526
2017-06-11 02:26:40.691,2.0896694657894734,-3.0262801821052632,-8.1748114578947373,0.000558978,-0.336319818225,-0.22593451856,-0.726082741429,0.318221255714,-0.446904407619,0.414418632857
2017-06-11 02:26:40.791,-4.0738256600000007,-4.8198096075000008,-2.1467667401000003,-1.01508163135,0.919362909325,0.022013177035,-0.739872426316,0.321325418947,-0.437760540526,0.396431515789
2017-06-11 02:26:40.891,-2.1683873020000002,0.97321404200000039,8.3506909750000009,0.653527833,3.17530096,1.0711127525,-0.6895188735,0.3865350785,-0.498318196,0.3521996955
2017-06-11 02:26:40.991,0.21941913142857161,1.6302043159523809,0.67627014571428545,1.1799808225,2.1865180125,0.856437699,-0.571640152381,0.43652133619,-0.599391724286,0.349006365714
2017-06-11 02:26:41.091,1.2065665326315789,0.99071061684210526,-0.34440122052631572,0.7261154265,2.4785453025,0.75691258025,-0.465236129474,0.466293602105,-0.662695394737,0.354477524211
2017-06-11 02:26:41.191,2.5229792899999999,1.606770633,-1.28280375225,0.37318590375,1.47855617,0.655231402,-0.371884468571,0.496705903333,-0.709642695238,0.333089840476
2017-06-11 02:26:41.291,2.849266305,-0.217271011815,-2.0475751149999999,-0.075116305625,0.863571345,0.485221526375,-0.345754855263,0.519693281053,-0.714899276842,0.314852694737
2017-06-11 02:26:41.391,4.6688951950000002,-0.72891089049999991,-3.3082591200000002,-1.32361623436,-0.0869251969538,-0.541480609923,-0.337272579,0.5495425395,-0.7065752185,0.290846281
2017-06-11 02:26:41.491,-3.0987226284999996,-6.6431953149999998,-0.052826631200000043,-3.03436068049,-0.713365348561,-1.42005670976,-0.425692466667,0.59568881381,-0.637893629048,0.23267214619
2017-06-11 02:26:41.591,-1.7194887267500001,-2.2985195516500001,2.9175098157499995,-2.32290102821,0.0160254674359,-1.29590612436,-0.496976363684,0.648880897895,-0.561042791053,0.126343921263
2017-06-11 02:26:41.691,-2.5069264599999999,2.7953668750000005,5.5365734550000001,-0.627788126435,-0.85619812875,-0.797212393,-0.546325701905,0.66206440381,-0.506908979048,0.0762464362857
2017-06-11 02:26:41.791,-4.5937195249999991,6.386509985,4.7051108800000003,1.2349472245,-0.404196007645,-0.058027479325,-0.5812817,0.637138751053,-0.496526019474,0.0964032138947
2017-06-11 02:26:41.891,0.18575602575,0.96024216400000006,0.70281466379999991,2.0234022725,-0.3776577385,0.62738885025,-0.561802318,0.600877792,-0.5430475835,0.1656786215
2017-06-11 02:26:41.991,-1.7470518976190474,1.2596466995238096,1.3766056296190474,1.20553420775,-0.561162999543,-0.2527921899,-0.559945752,0.558388385,-0.562814658,0.2399070155
2017-06-11 02:26:42.091,4.0644237057894745,-5.8962602557894739,-3.2144918257894743,-0.418276979775,-0.471353500275,-0.808631569987,-0.5805803155,0.5260064035,-0.5616080675,0.2653382465
2017-06-11 02:26:42.191,0.053876277619047688,0.90230465714285712,0.41235178380952386,-0.75081703225,-0.159282764125,0.2947423339,-0.6125101295,0.5328905595,-0.53305867,0.237530652
2017-06-11 02:26:42.291,1.42759531975,-0.23324915249999995,0.58665991310000021,-1.9839542165,-1.4946601075,-0.744029417,-0.639135735,0.555331842,-0.4889127285,0.2063223965
2017-06-11 02:26:42.391,-3.819972572631579,-2.2198567205263156,4.2670976135789473,-0.820955746843,-1.63986190451,-0.69478591955,-0.726614302,0.543038649,-0.373854747,0.1906555995
2017-06-11 02:26:42.491,-2.3543574523809516,2.7978779,4.8153329999999999,1.71713428075,1.818682372,0.7038626865,-0.7187253915,0.5407660395,-0.386680072,0.1998801995
2017-06-11 02:26:42.591,1.9869291536842106,0.28829763842105266,0.19030855515789474,2.794821695,0.144616201875,1.3845676085,-0.6257211245,0.5366786805,-0.4936088295,0.2728163615
2017-06-11 02:26:42.691,0.032732137999999897,-2.9299777540000003,-3.3151113915000003,0.145920484925,0.786086029075,-0.563319053367,-0.585495753333,0.509472767143,-0.540126621429,0.324763782381
2017-06-11 02:26:42.791,3.0465548599999996,-2.4975320216499997,2.6427975049999999,-0.72984195705,0.311990868375,-0.448115880425,-0.586532647368,0.519830517895,-0.556628324211,0.275164833158
2017-06-11 02:26:42.891,4.6884599314999997,1.6863901497,-0.22461213414999998,0.45479703065,0.27914412115,0.316010201725,-0.575798869524,0.525259008095,-0.556742907143,0.287198178095
2017-06-11 02:26:42.991,-2.1248036302999997,2.6084254000000002,-2.3039607199000001,-1.12062243982,-0.94624720025,-0.0120846224425,-0.592578349474,0.527659103684,-0.539084302105,0.281482197895
2017-06-11 02:26:43.091,3.4134213465000003,-1.2602870414999998,3.3450223335749998,-2.3800050925,-1.65074870025,-0.77775455535,-0.6481085555,0.558373015,-0.4539917285,0.2449794575
2017-06-11 02:26:43.191,-2.2514790730000001,-1.8112796725000002,2.3796359825,-0.450032383925,-0.886436292925,-0.6658254015,-0.727352277,0.5390028445,-0.3559953235,0.230817894
2017-06-11 02:26:43.291,-3.5638479333333328,3.715844124952381,3.33208799047619,1.8004223535,1.9134960725,0.354526601238,-0.7131463915,0.5222731155,-0.399964649,
2017-06-11 02:26:43.391,2.8233432475789479,1.0995071536842105,0.35953133500000012,2.3848762,0.8414517007,1.368703225,-0.617765575,0.5287723805,-0.498101881,0.297901672
2017-06-11 02:26:43.491,1.85730559275,-2.451846132,-2.9732185790000001,-0.078124150625,0.06228637325,-0.368128464363,-0.5871265495,0.508783665,-0.5419828655,0.320257682
2017-06-11 02:26:43.591,3.0185750365000006,-1.4479877111499999,2.0394842300000002,-0.6642815551,0.41463030335,-0.51609853435,-0.596316321,0.5177105325,-0.5496637555,0.2718326775
2017-06-11 02:26:43.691,2.3188419279999994,1.6334658719999999,0.062437658999999868,0.4836776805,-0.04016672875,0.06633233225,-0.598548029048,0.513279766667,-0.551194071429,0.272738047619
2017-06-11 02:26:43.791,-1.5557627675000001,0.98732083650000002,-2.8899751199999999,-1.65987804503,-1.01031424949,-0.231618508462,-0.622801162105,0.511233471053,-0.528655826316,0.265203658421
2017-06-11 02:26:43.891,0.54641327150000008,-5.2531191049999997,4.8184262074999999,-1.89276837561,-1.40712418341,-0.947085332195,-0.697019639,0.5305438015,-0.4255972735,0.2238227525
2017-06-11 02:26:43.991,-2.8041190399999998,2.7091643994999997,3.6274923299999999,0.466162958225,0.712061071375,-0.12010091071,-0.727832961429,0.516583716667,-0.398146342381,0.211318742381
2017-06-11 02:26:44.091,-2.884481607619048,3.501550641238095,2.0089651866666665,2.17893189,1.31317785075,1.45071362775,-0.666777551053,0.519947646316,-0.474007316316,0.242263214737
2017-06-11 02:26:44.191,5.0441911999999993,-0.86208631684210524,-0.26441867157894733,1.6513343115,0.86665904975,0.3637897135,-0.5807618685,0.521946906,-0.5385027035,
2017-06-11 02:26:44.291,2.4402229335000003,-3.4301776419999994,-2.48683336175,-0.57971582125,0.865008728575,-0.7383065115,-0.560595348571,0.50686952619,-0.58306501,0.297449301905
2017-06-11 02:26:44.391,-0.8350404545000002,1.1272274584999999,2.0482542215000001,-0.089463464175,0.131679792325,-0.182360669137,-0.564691651579,0.510474532632,-0.602105103158,0.240725655263
2017-06-11 02:26:44.491,0.8200007865000003,1.0475957458,-2.9932576820000003,-0.33099620355,0.410637580413,-0.253297937475,-0.555843652857,0.514614112381,-0.611211685238,0.229165451429
2017-06-11 02:26:44.591,0.72374164149999998,-1.9225072619999999,-2.5059071279999996,-2.6730971,-0.500473717225,-0.22263387192,-0.574415783684,0.559030506842,-0.568680164211,0.180286744737
2017-06-11 02:26:44.691,-0.23903786476190472,-3.011352063809523,4.0106859771428578,-1.72187231725,-1.9109673645,-0.316329618875,-0.6498407585,0.597144032,-0.447180395,0.1395772085
2017-06-11 02:26:44.791,-3.4817603210526316,3.7756722526315785,3.6332229421052631,0.67793664286,1.18911083577,0.72930960175,-0.6558022425,0.616184841,-0.412199715,0.140778034
2017-06-11 02:26:44.891,-2.1202716625000004,2.6790672965,2.0048503154999997,1.91315004,1.8684848675,1.522130015,-0.566563931905,0.633040541905,-0.502061021429,0.154732749048
2017-06-11 02:26:44.991,2.1420603595000003,0.34547855900000002,-5.7746712599999999,-0.198278298387,1.79214414025,-0.28087429975,-0.481849497368,0.637967790526,-0.580802363158,0.151108562105
2017-06-11 02:26:45.091,1.1814541950000002,-7.3526896399999995,6.5980975779999991,0.07737884415,1.7181723937,-0.0738652557875,-0.4428493475,0.6494486385,-0.6128116435,0.0785384431
2017-06-11 02:26:45.191,-4.6031272399999983,-2.9913915055000002,3.7647736299999992,0.225120958641,1.55662708974,0.294573748,-0.3961760025,0.6495562355,-0.647682371,0.032253537
2017-06-11 02:26:45.291,1.8549990702999994,0.75587059499999998,1.0518977414999999,0.130801391125,2.9997545375,0.638062717,-0.0026816975,-0.0664703945,0.081681335,
2017-06-11 02:26:45.391,3.7870392050000001,3.8072174400000001,-1.6979224214999999,-0.31968350375,2.298926325,0.1818815469,0.1718133755,-0.65901035,0.726266885,0.08640830295
2017-06-11 02:26:45.491,3.03807925,-2.410557346,-4.0077745870000001,-1.86020338146,-0.345386213927,-0.599335964146,0.137105858,-0.6821669825,0.7042123465,0.1382812535
2017-06-11 02:26:45.591,-6.3868909850000017,-6.7392246449999984,0.78735642780000004,-3.6987194925,0.912122794825,-0.786804715043,0.157916411,-0.770991184,0.585185903,0.1856830955
2017-06-11 02:26:45.691,-0.78904257849999992,-0.38120108514999995,5.0810216199999996,-1.53893626103,-0.255533854551,-0.325532662718,0.126542725238,-0.83822877619,0.47268653381,
2017-06-11 02:26:45.791,-4.3184875380952388,5.5984752428571438,4.9793633761904754,0.222163836098,0.302407699488,0.154151318171,0.125023288737,-0.85192664,0.443388436316,0.248916047368
2017-06-11 02:26:45.891,-3.22640102,3.0227919347368424,2.4268817263157891,1.50008748718,0.596382170256,1.27594934026,0.094696847619,-0.826138332857,0.494691494286,0.250630608571
2017-06-11 02:26:45.991,1.7296753459999998,0.10846244849999986,-2.4821571499999999,1.681945147,0.447823087357,0.1606136762,0.06930714345,-0.7767301655,0.579690606,
2017-06-11 02:26:46.091,-1.6560683123500002,-4.3434618310999999,-0.086176624999999826,-0.400442850875,-0.04549034725,-0.3796807225,0.0873402723684,-0.759467358421,0.595619967895,0.246235169474
2017-06-11 02:26:46.191,1.2666930615000003,-1.2491638680000001,1.1313812674999999,-0.28279080015,0.18100315155,-0.190000069325,0.08234614075,-0.7667506775,0.573757319,0.275624968
2017-06-11 02:26:46.291,0.90798778985000017,0.22427547524999997,-1.7530715180000001,0.208659365925,0.242304656825,0.127181329842,0.08048626355,-0.7585256395,0.5805116255,0.2848608855
2017-06-11 02:26:46.391,-2.892736191,2.0545798991000002,-2.3828432785000002,-1.185677105,-0.053422546815,0.010753716775,0.0754617183333,-0.777169111905,0.556097249524,0.284112911429
2017-06-11 02:26:46.491,1.1688681480000001,-4.9306656101500002,2.6270388584999997,-2.4246170175,-1.65008325117,-1.00182579875,0.0740593403684,-0.832840410526,0.468899784737,0.280856793684
2017-06-11 02:26:46.591,-4.0216129879999993,-1.4245762120000001,2.4614726949999999,-0.757285230442,-0.515779118918,-0.349522406625,0.117447382524,-0.886858564762,0.387351101429,0.222178577619
2017-06-11 02:26:46.691,-6.1882757649999993,3.006783601,3.8471618100000007,1.2316465715,2.32400059,0.7186889868,0.0969057641053,-0.868086196316,0.405536898421,0.266724923158
2017-06-11 02:26:46.791,0.07609950024999998,0.05669948850000002,0.81120896700000011,1.7123164075,2.7773069825,1.8910037925,-0.000684903125,-0.7944893305,0.5030909985,0.3354139225
2017-06-11 02:26:46.891,2.1404040595238096,-1.5532946733333337,-2.7287156257142855,0.276455689043,1.82554984775,-0.205039299525,-0.07839818345,-0.718430298,0.5584856095,0.4060721015
2017-06-11 02:26:46.991,1.6607988650000003,-3.7318879450000013,0.12401641769999998,-0.325406397625,0.9466997035,-0.80652873045,-0.102720059,-0.7035626115,0.526176465,0.4659985885
2017-06-11 02:26:47.091,-0.73079185331578922,-0.45459998421052622,0.41909906684210529,0.047220526885,1.10545010958,0.73324908605,-0.132954236381,-0.68796843619,0.52436117381,0.483294619048
2017-06-11 02:26:47.191,-1.3509464695000002,3.1596813850000003,-3.5238934255499998,-0.837991347125,1.02442459175,0.183505251502,-0.188667629,-0.659606137,0.512804592,0.515743443
2017-06-11 02:26:47.291,-0.25067498095000001,2.9228277499999997,-1.3751511004999999,-1.615027215,0.1371365066,0.223086381825,-0.243549139,-0.674252267,0.4730428875,0.5115725995
2017-06-11 02:26:47.391,-0.84369751149999994,-9.8525083799999997,-1.5144667305000001,-2.2259394475,0.0444256248,-0.623422756075,-0.286402414211,-0.723065364211,0.395051804211,0.487767928947
2017-06-11 02:26:47.491,-0.79526911700000003,-1.51204792905,0.51248227000000002,-0.75273353425,0.139904786775,-0.2509821608,-0.308215321,-0.7526099975,0.324063801,0.483142775
2017-06-11 02:26:47.591,-4.5466507300000005,2.5631338394999998,1.9900205549999999,0.6771381047,0.223671977675,0.272649302575,-0.311676534762,-0.74918306619,0.32282643381,0.48706225619
2017-06-11 02:26:47.691,-2.8284231880952384,2.3653739466666663,-1.188493646190476,1.20191413975,1.09288635675,1.02945541875,-0.320744366842,-0.703495980526,0.367030827895,0.516502966842
2017-06-11 02:26:47.791,2.1055698600000001,-3.6694758633199998,-5.4236412349999998,-0.139878170825,1.637466275,-0.308317564625,-0.3444123735,-0.653748682,0.3839781775,
2017-06-11 02:26:47.891,-3.4954583768421057,1.8722373273684212,4.005866692631578,-0.727685907,0.766388629375,0.185182194075,-0.379104822381,-0.630886372381,0.326644745714,0.592654282857
2017-06-11 02:26:47.991,2.0113424699999998,-0.3860693065000001,0.92076606229999991,0.637530353875,0.53867069295,-0.027709450825,-0.39632909,-0.603774028,0.32371948,0.611021544
2017-06-11 02:26:48.091,-1.4829175450000001,0.6546536704999999,-2.1276131699999996,0.212838408033,0.73628354575,0.2375400147,-0.3917997555,-0.575029281,0.327070771,
2017-06-11 02:26:48.191,0.39817985099999997,1.9385205050000001,-1.3192486219999999,-0.37486284725,0.453386270792,-0.00857103107,-0.4103709205,-0.559486935,0.3097384845,0.650027707
2017-06-11 02:26:48.291,-0.41436285300000009,2.1799736650000003,-2.7359611885000001,-0.82529450675,-0.161465457668,-0.0614878322525,-0.426685308421,-0.568626863158,0.289088971579,0.640959337895
2017-06-11 02:26:48.391,-1.1256446405,0.67826719750000009,-3.0410625675,-2.2831417625,-0.095825195755,-0.49869029175,-0.467207653333,-0.603958886667,0.237412840476,0.599265907619
2017-06-11 02:26:48.491,-0.35960155714285719,-4.417372106857143,4.1043448290476201,-2.13450624,-1.6675713615,-1.25930279,-0.504591642632,-0.679193777368,0.149691163684,0.509667629474
2017-06-11 02:26:48.591,-4.5582586052631573,2.2970074421052629,3.4556003105263158,0.537767722205,0.324549842667,-0.0305494001026,-0.494563468,-0.7273751525,0.133927298,0.4563453755
2017-06-11 02:26:48.691,-2.4522055120000004,3.0237449695000005,1.36643843145,2.81780611463,1.16589919063,1.50871447805,-0.4805435315,-0.6677062625,0.185379035,0.5350397275
2017-06-11 02:26:48.791,1.1506237985714283,-4.4066226352380955,-3.5640974472380949,1.2916171765,0.7024785401,-0.033592057425,-0.4527183565,-0.592648908,0.2826951055,0.602655189
2017-06-11 02:26:48.891,3.3133992736842099,-2.2612669947368422,-0.51172925245263168,-1.235053698,0.430973811413,-0.6731453872,-0.4583343005,-0.583132025,0.2501083135,0.621896264
2017-06-11 02:26:48.991,0.69682734666666679,0.4398164642857143,1.0342445975238097,0.587727866875,-0.297350906675,0.426555215925,-0.4615793935,-0.58600347,0.2398250795,0.620994996
2017-06-11 02:26:49.091,-2.0441307863157894,1.5483725415789475,-2.6497697715789479,0.119877047628,-0.618031568103,0.308797374538,-0.447972027,-0.583990723,0.263001923,0.6236765975
2017-06-11 02:26:49.191,0.55557867480000001,1.7917497579999999,-1.9972670444999996,-1.3948155955,-0.591134985,-0.0968899230425,-0.467018964762,-0.619698914286,0.25248597619,0.577344095238
2017-06-11 02:26:49.291,-0.50530137050000001,-4.3632489794999989,3.8877694802500002,-2.097666785,-2.1093521475,-1.29558327475,-0.484886159,-0.704227193,0.1977088765,0.4768713205
2017-06-11 02:26:49.391,-4.2489088700000002,0.39312799290000006,3.0799901974999999,-0.23602278375,0.232376099375,-0.273554319012,-0.464798426842,-0.763129213158,0.173766390526,0.413875369474
2017-06-11 02:26:49.491,-3.4406411110000001,3.7348934199999997,2.668653377,2.10621121,1.8070768875,1.202925641,-0.468564906,-0.7140261925,0.1852420655,0.4840272335
2017-06-11 02:26:49.591,2.1808916030000001,-0.79116922599999984,-0.69507339320000006,2.051457755,0.67418349475,0.63792962219,-0.4623763145,-0.6271017055,0.273286508,0.563138184
2017-06-11 02:26:49.691,5.0616219600000001,-4.6319062047499999,-3.1966542195000001,-0.81714936575,0.898307976575,-1.00169271595,-0.4477259005,-0.59697224,0.266988868,0.6094817955
2017-06-11 02:26:49.791,-2.0004474750000005,-0.38246787829999995,2.0448586400000002,0.1457607704,-0.5613759409,0.169717070075,-0.445352875,-0.61529694,0.219041304,0.612170613
2017-06-11 02:26:49.891,0.45228214304999986,1.4437806769999999,-1.0543803927500002,0.23948313413,-0.15284119135,0.299347266625,-0.444993935,-0.615650139,0.2442147575,0.6027263445
2017-06-11 02:26:49.991,-0.047460827500000004,1.1158639809999999,-2.9042169200000001,-1.690090283,-0.93195327825,-0.490145880125,-0.4545713915,-0.6439649775,0.237407873,0.566721872
2017-06-11 02:26:50.091,-0.63866252899999998,-3.8845380249999999,5.2142262289999994,-1.779926409,-2.0011761325,-1.4678290735,-0.460700662,-0.731867736,0.1703424975,
2017-06-11 02:26:50.191,-4.3664558250000001,0.29404203100000004,3.321027145,0.426076089475,0.189095063375,-0.14876861888,-0.435126705238,-0.785545712381,0.151798368095,0.412787129524
2017-06-11 02:26:50.291,-3.8098670414999996,2.3773433160000002,2.1412755379999995,2.0805779575,1.791931161,1.500941994,-0.436738352,-0.7245781715,0.1924946235,0.4950087545
2017-06-11 02:26:50.391,2.18661153,-1.1695252975000001,-0.14602482069999997,1.76595189675,0.692416892055,0.79718577805,-0.446053113684,-0.638502517895,0.274734515789,0.563036339474
2017-06-11 02:26:50.491,1.9213764000000002,-3.1151002745000005,-2.5432984675000001,-0.860989392075,0.944729966,-0.73138581,-0.439855741429,-0.615384967619,0.26281481,0.598543537143
2017-06-11 02:26:50.591,0.29416069550000007,-0.73970448099999997,3.519218734999999,0.200540842,-0.45500997254,-0.08363410375,-0.439738218947,-0.621411940526,0.227042263684,0.607168242105
2017-06-11 02:26:50.691,0.53591324795238082,0.29856789076190476,-3.7866837790476189,-0.032128060225,0.0292000605,-0.111503263833,-0.4235365625,-0.603635107,0.250818817,0.6271285465
2017-06-11 02:26:50.791,-2.1211880839999999,1.9464711649999997,-2.0737708560000003,-2.2926178125,-0.278638380625,-0.40933330025,-0.4499712645,-0.633307187,0.211900753,0.591925992
2017-06-11 02:26:50.891,-0.47503639999999991,-4.4774279000000003,4.3207506050000006,-1.762544776,-1.836197085,-1.06105111289,-0.476117643,-0.7043876235,0.13612012,0.5067637495
2017-06-11 02:26:50.991,-4.7845351368421056,-0.22426391078947377,1.7666006368421054,0.7360439779,1.16459555278,0.13492720155,-0.473936052,-0.736238236,0.1243163723,0.466321099
2017-06-11 02:26:51.091,-4.5708299999999991,2.2628772934999999,1.3202654551499999,1.6812796875,2.3891351,1.9396616925,-0.482016195,-0.6497535685,0.1513484355,0.5656615865
2017-06-11 02:26:51.191,0.92426048800000005,0.17592523199999993,-1.2945855544999998,1.013058641,2.627074375,1.00733575875,-0.514248507,-0.51805959,0.18498853,0.656682701
2017-06-11 02:26:51.291,4.0737405642857141,-1.8040129985714284,0.97136990904761888,0.075622047555,1.52561697325,-0.660448548375,-0.525756121,-0.4333403955,0.13743064375,0.7185817505
2017-06-11 02:26:51.391,-4.6594202364999999,-3.7066353165000008,-1.9382415635000001,-0.331874599075,0.96581150225,-0.393894789875,-0.515385861,-0.421534573,0.08045904125,0.74158818
2017-06-11 02:26:51.491,3.6142992526315791,1.4869126826315791,-0.7566413136842105,-0.0495096817625,1.6709518725,0.6129086,-0.543023094,-0.349513788,0.06967854735,0.7598522425
2017-06-11 02:26:51.591,1.1843648865,3.1311755200000002,-3.7557779349999998,-0.398819147325,0.9266296515,0.3882783735,-0.5582965095,-0.284787974,0.04556849145,0.7777405205
2017-06-11 02:26:51.691,2.1814788350000001,1.2210285749999996,-3.3206618385000004,-1.4782633625,-0.03612077635,-0.041870285825,-0.597668712381,-0.262814295714,0.0300411099048,0.756503
2017-06-11 02:26:51.791,-2.1481345050000002,-10.702021300000002,-2.5730887009999996,-2.73916326,0.517961803708,-1.327045885,-0.666196067895,-0.286438062632,-0.0296881758174,0.68647982
2017-06-11 02:26:51.891,0.19671585571428563,-2.2863488829523808,1.5564628454761902,-1.19528623375,-0.093615891725,-1.20659892575,-0.716477687,-0.303538589,-0.1200074418,0.616025922
2017-06-11 02:26:51.991,-6.596694905263158,4.6849253000000006,2.5255680421052631,0.2165915653,-0.471193788625,-0.178793845713,-0.721153654286,-0.343423837143,-0.12821826781,
2017-06-11 02:26:52.091,-4.451786738500001,5.0064121899999998,-1.172018024,1.30817364,1.032942381,1.0037955565,-0.700369962105,-0.326206450526,-0.117168747421,0.623368585263
2017-06-11 02:26:52.191,4.1357048467500004,-6.7839194369999998,-8.7736234149999994,-0.7068971555,1.20407020675,-0.3495756339,-0.6866433245,-0.2762322885,-0.1247838905,0.6603684795
2017-06-11 02:26:52.291,-6.3453229027500004,1.2103088259999999,4.816621735,-0.773522283125,2.0400119525,-0.073066716,-0.695499361905,-0.229051148095,-0.214111008571,0.645071717619
2017-06-11 02:26:52.391,1.580550482,-1.6984811185000002,2.2147067654999999,0.436084497125,2.5057756675,0.98683980875,-0.667031049474,-0.119390409158,-0.274158723684,0.681211303158
2017-06-11 02:26:52.491,-0.36296998059999985,0.96128797299999991,-0.070719046300000032,0.45982785375,2.32998966,0.739131682,-0.6151917675,-0.022504376161,-0.322070092,0.718340424
2017-06-11 02:26:52.591,1.7101573466666669,1.2662359533333334,-1.5679770561904762,0.022625393645,1.921987295,0.5164711925,-0.57733829,0.0644985025,-0.3699771475,0.724522091
2017-06-11 02:26:52.691,2.8777670526315791,0.15205277700842107,-2.4711486210526314,-0.15486416365,1.265238635,0.41255409,-0.5581074595,0.11983908705,-0.4038455195,0.7146820425
2017-06-11 02:26:52.791,4.8467561523809524,-0.015689247619047511,-2.7816891809523812,-0.813777055897,0.742031010256,-0.509293171423,-0.555843488,0.1649980715,-0.4272128495,0.6935231025
2017-06-11 02:26:52.891,-2.6537442631578951,-6.2640162789473681,-3.4996068421052624,-2.30720582439,-0.211646431902,-1.89128813659,-0.6122974875,0.161853022,-0.462208344,0.6190855575
2017-06-11 02:26:52.991,-2.4305695900000002,-3.7853142149999996,0.024001156499999989,-2.81324142,1.189723059,-1.33963625675,-0.685389813,0.194914051,-0.50903488,0.480258367
2017-06-11 02:26:53.091,-3.1075592799999998,1.170779536,2.3274840349999999,-1.63970288718,-0.550981231103,-0.565941972564,-0.7286758745,0.234438491,-0.5180678605,0.380719789
2017-06-11 02:26:53.191,-4.4869447400000002,4.034448845,2.8110378900000002,-0.234159511875,0.0958518144375,0.1118759165,-0.760118020952,0.243418460952,-0.498295025714,0.338569237619
2017-06-11 02:26:53.291,-1.3341057585000002,2.153018871,-1.5830074205000002,1.17588163,0.73902520875,1.0863649265,-0.7288304175,0.2646730525,-0.5105706325,0.3706528
2017-06-11 02:26:53.391,2.4910061684999998,-1.8995089005000001,-6.3621737649999996,0.0877066762,1.0127658555,-0.24680312005,-0.684000308,0.280667499,-0.545572412,0.394341493
2017-06-11 02:26:53.491,-3.6591933373000005,-1.3141617564999994,0.64432971335000011,-0.8702258775,0.700828227,-0.105088294425,-0.682994929,0.300689419,-0.5610433345,0.357817011
2017-06-11 02:26:53.591,1.9543171584999999,-0.72987160750000013,3.8485106049000004,0.22556186775,0.7555018215,0.73370158925,-0.656244108421,0.346500895263,-0.572767936842,0.347757154211
2017-06-11 02:26:53.691,-2.2428708502000001,0.65530679289999993,-0.75205742650000007,0.65171781175,1.0290827565,0.489001302175,-0.613724729,0.3535560805,-0.605514232,0.3624906655
2017-06-11 02:26:53.791,0.8960208890000001,1.4783212999999999,-1.6057512849999998,-0.22305976225,1.218869889,0.0412846874825,-0.5719026015,0.3782528375,-0.6354332945,0.3546665065
2017-06-11 02:26:53.891,-0.09098264239999998,2.3757068950000004,-1.2686767290000001,-1.2224899405,0.690500384,-0.110864429145,-0.568275656667,0.41686944381,-0.641827754286,0.301338604286
2017-06-11 02:26:53.991,0.026539207142857141,2.6734329619047621,-0.76641614619047616,-1.1679760625,0.105727131713,0.0139478907,-0.576372488421,0.458425763158,-0.625583997895,0.256950362105
2017-06-11 02:26:54.091,1.8878511549999999,-0.12238998400000005,-1.1853025825000001,-1.86435905,-0.71986017498,-0.524722804213,-0.6054620125,0.492971583,-0.5863430885,0.2134804105
2017-06-11 02:26:54.191,-0.10031508980000003,-6.7973699600000002,2.2171685430000001,-1.6820249805,-1.5138251665,-1.32781781525,-0.6913047565,0.499657249,-0.497822713,0.1515541775
2017-06-11 02:26:54.291,-3.8473655973684218,2.2109857431578948,2.5867141368421054,0.090368483925,0.538830403525,-0.2429434945,-0.732356394286,0.484021014762,-0.464771990952,0.115079858905
2017-06-11 02:26:54.391,-4.8323162299999991,4.3672904649999991,3.1669987050000001,1.6973570275,1.2413355615,1.40780522575,-0.682326265,0.487326114,-0.525774744,0.1381791617
2017-06-11 02:26:54.491,2.5308298979999999,0.18900311149999999,0.36083449449999999,2.157238125,0.364242231425,1.48361360675,-0.596333048421,0.497778483684,-0.586557690526,0.226088598421
2017-06-11 02:26:54.591,-1.616547857,-3.244927419000001,-4.1462986849999997,0.401001832,0.319843208875,-0.323330185988,-0.5611262365,0.46212413,-0.6254138875,0.2832685415
2017-06-11 02:26:54.691,5.152855187000001,-1.5509094500000005,1.0547587095000002,-1.07880538495,0.788109008375,-0.769316620675,-0.56254299,0.4839792895,-0.6254902195,0.239441105
2017-06-11 02:26:54.791,0.52238650499999983,0.12148041100000007,0.74462117650000004,0.43267737825,-0.09603814685,0.514288506418,-0.559097103,0.4897034655,-0.627426124,
2017-06-11 02:26:54.891,0.044746885,2.5467933549999997,-1.9381075460000001,-0.420725851965,-0.2773074738,0.100350274657,-0.5517065285,0.4932664445,-0.62781921,0.2409940125
2017-06-11 02:26:54.991,0.63444322480000004,2.125233428,-1.9236706757500002,-1.6390899875,-0.59669817675,-0.492754454875,-0.5837090155,0.509983266,-0.59436896,0.21245228
2017-06-11 02:26:55.091,0.32116093999999984,-3.6463338910000003,4.2385815679999999,-1.8719718225,-2.5397137325,-1.50788931975,-0.6742318985,0.522096159,-0.4950056915,0.15754888
2017-06-11 02:26:55.191,-3.908691290000001,0.33160776683500004,3.0579622300000002,0.258009344575,0.13684370175,-0.268629963975,-0.7436975235,0.4965389315,-0.4226874165,
2017-06-11 02:26:55.291,-2.9114024004761907,3.5406969904761909,2.0662150380952382,2.198655905,1.79552462525,1.3486864035,-0.690507554,0.4905918695,-0.501814719,0.168786749
2017-06-11 02:26:55.391,3.0985337878947368,-2.6719413326315791,-1.8939222288421051,1.53626422265,0.677217961132,0.463714094013,-0.6050225425,0.4831396755,-0.5816302765,0.24771624
2017-06-11 02:26:55.491,3.3512744652380957,-2.3375975176190478,-0.38778185571428592,-0.90602722217,0.87254165004,-0.7988094877,-0.5881002065,0.4792150015,-0.610342236,0.2268833215
2017-06-11 02:26:55.591,1.281787272105263,0.69186286999999991,1.4601827900000002,0.5041736206,-0.622038622875,0.2670062579,-0.5777387775,0.4776612,-0.627573385,0.2095257745
2017-06-11 02:26:55.691,-1.0176310474761905,1.429352671904762,-2.6201167390476194,-0.077139282725,-0.406032651,0.0435206094925,-0.586697591,0.464847023,-0.618947457,0.23758934
2017-06-11 02:26:55.791,1.312402619631579,1.6275039178947366,-2.4137453157894737,-1.9041797415,-0.37350532125,-0.381410895525,-0.6109778355,0.490446388,-0.5805467385,0.219940159
2017-06-11 02:26:55.891,-0.42702006300000023,-2.9863825700000004,4.8448519249999995,-1.46249453026,-2.39945198974,-1.41450001641,-0.695018784,0.498170797,-0.4899430065,0.1629509065
2017-06-11 02:26:55.991,-3.9725425619047621,1.5700875623809525,2.7001266285714287,0.655558597732,0.693473173512,0.0209828628049,-0.74303604,0.476022925,-0.4418779665,0.1606265065
2017-06-11 02:26:56.091,-2.2741248647368422,1.8754788026315787,1.2926045847368421,2.2850050625,1.464634893,1.635336826,-0.667112829524,0.476356913333,-0.533642645714,0.201914659048
2017-06-11 02:26:56.191,2.7968485264999998,-0.14537851800000007,-1.0117598032999999,1.33143785975,0.4980780775,0.185954113275,-0.6026822935,0.462768747,-0.590881236,0.270438146
2017-06-11 02:26:56.291,3.6422045450000007,-3.3445999022999997,-1.4456954055,-0.849170946237,0.314306649375,-0.990060602725,-0.603868698,0.4484270375,-0.615406438,0.234395623
2017-06-11 02:26:56.391,0.12837949300000001,0.23184516721499998,1.2226643955000001,0.275381415333,-0.202597944667,0.502113115051,-0.6180098465,0.4464327565,-0.6079223355,0.2214500675
2017-06-11 02:26:56.491,-2.0258964500000003,0.87095935557142856,-3.0814343666666666,-0.74874081835,0.260671151475,-0.126089987675,-0.616891534737,0.458092386316,-0.599964694211,0.221936222105
2017-06-11 02:26:56.591,3.4696372135000004,-1.9163022250000001,0.2281193425000001,-2.1385255825,-0.2835893525,-0.613760377125,-0.633521176,0.5050625895,-0.55946293,0.171718412
2017-06-11 02:26:56.691,-3.2907270799999999,-1.88890648335,3.6779883329999996,-1.34700946007,-1.67765961725,-0.9222642815,-0.707369287,0.5124840165,-0.4729500175,
2017-06-11 02:26:56.791,-5.4727388421052625,1.7024211651578944,2.6688373473684206,0.74197981903,1.67196335532,0.49214223835,-0.716008045,0.5100686935,-0.464240804,0.10378553155
2017-06-11 02:26:56.891,-2.8385328151999998,1.5432384157000001,2.2392649034999996,1.4235099025,2.1811678125,2.114729,-0.622603061,0.5348484535,-0.5551088265,0.125511975
2017-06-11 02:26:56.991,3.2982509049999997,-1.3660037119999999,-0.93979654880000008,1.18530443625,2.349287785,0.74951274789,-0.500259444,0.559370327,-0.6435588805,0.146027285
2017-06-11 02:26:57.091,0.16929412450000009,-0.5343023185000001,-0.34172287800000034,-1.06541648112,1.25839776975,-0.62259760125,-0.440193203,0.5652266235,-0.6919121105,0.08418016165
2017-06-11 02:26:57.191,1.147423445714286,-2.1012768963809525,0.14096648571428572,0.0574951181,0.893170678,-0.349602257075,-0.413809439,0.5731746155,-0.7067867925,0.020179088385
2017-06-11 02:26:57.291,0.32386143515789473,0.012543066105263199,-1.6134401887368419,-0.288859729788,1.07662270875,0.40797577275,-0.0871470895,0.111189207,-0.142153363,0.0071693262825
2017-06-11 02:26:57.391,0.42009922425000001,4.1609310999999991,-1.9472127500000003,-0.8301390025,0.9823413505,0.05983751175,0.330901958095,-0.603853437143,0.724031132857,0.0353392100952
2017-06-11 02:26:57.491,1.49446060225,0.085179944999999965,-2.94450448,-1.21208226425,-0.013655088875,-0.326923628775,0.317676325,-0.6369053265,0.698252765,0.07249672545
2017-06-11 02:26:57.591,-1.0202422761904764,-8.3380658428571426,-0.93472179304761904,-1.9941489525,-0.136204868237,-0.618631496997,0.346598329474,-0.687244997895,0.627201137895,
2017-06-11 02:26:57.691,-3.4403139475000004,-2.3263805589999995,1.485477932,-0.6583457125,0.16229061555,-0.336719094637,0.350286895,-0.7201861515,0.578970744,0.152738625
2017-06-11 02:26:57.791,-5.842032515789473,3.465264463157895,2.4097189000000006,0.2909359414,1.25477771725,0.8146738805,0.3203069845,-0.72530743,0.585129186,0.168828779
2017-06-11 02:26:57.891,3.47308580952381,-0.0026588380952378408,-2.2704580342857148,0.472152038375,1.565677236,0.88231049995,0.234486225714,-0.708160462857,0.638995549048,0.185325776667
2017-06-11 02:26:57.991,-5.5244906751500009,-0.34302371150000027,0.25774214500000003,-0.88491906925,1.05551453992,-0.76684112044,0.192584401053,-0.697655856316,0.636890101053,0.264257210526
2017-06-11 02:26:58.091,3.3523756673684217,-1.5720518596842106,2.7451250584210531,-0.0457299142,0.81560551375,0.393229338862,0.15984832,-0.711550219,0.6257455055,0.276399098
2017-06-11 02:26:58.191,-1.3187780974999999,0.7126573235,-1.2031759253000001,0.2242043406,0.46789313825,0.382555478,0.136400524,-0.69686547,0.6427145235,0.287427906
2017-06-11 02:26:58.291,0.22253808884999998,2.0015995950000001,-2.1409409199999994,-0.146825496775,0.52711843125,0.120207385223,0.110168188429,-0.690833363333,0.650811600952,0.29495001
2017-06-11 02:26:58.391,-0.29240666649999997,2.3978905250000002,-1.7506020514,-0.6942269305,-0.041231452365,0.00015970865,0.0968227381,-0.7055656835,0.6326014015,0.304132758
2017-06-11 02:26:58.491,-0.15752075299999996,2.3292819949999997,-0.78331504779999994,-1.16826884925,-0.439278672,-0.12992299561,0.09556722095,-0.7375592165,0.597353914,0.2994988655
2017-06-11 02:26:58.591,0.51378907933333362,-5.6076220404761914,0.71812205000000007,-2.1047471825,-1.894357665,-1.340674349,0.130371385158,-0.799137265263,0.510705255263,0.285367888421
2017-06-11 02:26:58.691,-3.4918659599999997,-1.4241810534999999,1.9579028280000004,-0.4299623271,-0.240361527363,-0.507633977307,0.184878197,-0.8425845445,0.4323288135,0.2623327115
2017-06-11 02:26:58.791,-5.7194259000000001,3.491788663157894,3.200515252631579,1.38241155025,1.50293835,0.802056892625,0.1713149925,-0.82210834,0.4576128675,
2017-06-11 02:26:58.891,0.15341743523809523,0.53358783619047623,-0.030637108285714282,2.1337875525,1.12328423455,1.60818634925,0.1073536183,-0.7620739645,0.564782366,0.294841104
2017-06-11 02:26:58.991,-0.64160291263157898,-2.3734099089473681,-4.4192269368421053,0.44422964085,0.474494430875,-0.286783520225,0.103722654571,-0.716162890952,0.618187593333,
2017-06-11 02:26:59.091,3.1438832340000009,-2.6461679436000005,1.2186019290000001,-0.90600061195,0.613414350925,-0.93363020905,0.0971914437895,-0.720396624211,0.590817723684,0.349165226842
2017-06-11 02:26:59.191,0.40562320849999989,0.090360032049999969,-0.14857414499999988,0.30618811885,0.199236559343,0.2481606412,0.09511305075,-0.719243333,0.581584358,
2017-06-11 02:26:59.291,-3.021235162,1.6304405458000002,-3.0432642415000002,-0.9273217215,-0.12555762547,-0.045224169505,0.09611942495,-0.731068427,0.5699101315,0.3622141225
2017-06-11 02:26:59.391,1.2780653069999999,-3.2970926400000002,-0.23183278350000011,-2.2671708975,-0.999722974,-0.957054142855,0.0866387895,-0.7807637755,0.5005311265,0.3616534265
2017-06-11 02:26:59.491,-3.6593295652500002,-3.9543622325000003,1.5240940046750002,-1.07790037075,-1.21056502957,-0.435552129725,0.1260916623,-0.8456776645,0.3974841155,0.331978433
2017-06-11 02:26:59.591,-5.2888963049999997,1.0776583165,1.9076256699999998,0.338882669538,1.71674524128,0.948423744615,0.10281143481,-0.849827169524,0.390859030952,0.33691645
2017-06-11 02:26:59.691,-4.3116360299999998,1.7819651775000001,1.2334384273000001,0.82446934825,1.98576424,1.844342245,0.01285058173,-0.803427102,0.4508457505,0.386548365
2017-06-11 02:26:59.791,4.6841410999999997,-0.33604333949999987,-4.8395666250000007,0.0509249878878,2.59418802195,0.347411782566,-0.0854082334211,-0.740003012632,0.495686244737,
2017-06-11 02:26:59.891,-1.1590367975,-5.6493764644999995,4.1683633929999999,-0.610140315733,1.36449756488,-0.575031033975,-0.13451005375,-0.702947389,0.4507050155,0.5326963905
2017-06-11 02:26:59.991,-4.178209365999999,-3.19042599,1.6299782960000002,-0.027629600085,1.237023432,0.22689276535,-0.155800941,-0.6863223005,0.428113725,0.5666563065
2017-06-11 02:27:00.091,0.60398632399999985,-0.32537273965000002,-1.2907004632750001,0.27515140154,2.26384366,0.841185522,-0.212985989048,-0.618056020952,0.444323843333,0.611473286667
2017-06-11 02:27:00.191,1.9550982952380953,2.5782878190476191,-1.2234120885714286,-0.06851501491,1.809472521,0.5763619385,-0.265910640526,-0.550929766842,0.43259541,0.661863164211
2017-06-11 02:27:00.291,2.6072498052631579,-0.22613556176315788,-3.5794996105263159,-0.436646204051,0.587755174103,-0.0714184369692,-0.291255952,-0.5317990445,0.4178582155,0.676507211
2017-06-11 02:27:00.391,1.1392403680000001,-3.1047097619999997,-5.3904640199999996,-2.12825423415,-0.858115936707,-1.47105960049,-0.309067303,-0.5649534705,0.362782511,0.672458133
2017-06-11 02:27:00.491,-4.3755614750000005,-5.7759486399999993,1.6419577575000002,-3.3232976675,0.0927108795,-0.692363666,-0.3566334055,-0.653115749,0.2343647535,0.6233869555
2017-06-11 02:27:00.591,-3.0406540614000002,1.2382984959999999,2.5416332399999995,-1.16150785425,-0.199396262625,-0.4370693695,-0.4105597075,-0.6827412525,0.1431674855,0.586904736
2017-06-11 02:27:00.691,-5.5572690666666675,4.1858604571428568,2.5674744076190477,0.412500852783,0.30874346158,0.18712531462,-0.417704033,-0.6886872255,0.12296477755,0.5797032655
2017-06-11 02:27:00.791,-2.6035724107999996,2.1321004009999998,-0.43135430553000004,1.1460427275,0.97816231425,1.13701917775,-0.418857016,-0.649586811,0.1583611125,
2017-06-11 02:27:00.891,-0.3872592805263157,0.85581957747368431,-1.254145829473684,1.35127176641,0.490428445385,0.268720059154,-0.408808774762,-0.598162471905,0.210541006667,
2017-06-11 02:27:00.991,1.9161849681904763,-5.9574697652380948,-4.2856746523809521,-0.332895181951,0.187703120659,-0.278022913976,-0.387549598421,-0.583062622105,0.225026665789,0.677546005789
2017-06-11 02:27:01.091,-0.46890930526315794,0.37230105105263156,1.0297676005263157,-0.315431434244,-0.145594237769,-0.0530451122821,-0.401693015,-0.591990211,0.18542734,0.673597284
2017-06-11 02:27:01.191,1.5374979382,1.6599439424999995,-2.3264750285,0.203841486825,-0.193114387687,0.165617878825,-0.398310561,-0.599537022,0.1976964365,0.665359768
2017-06-11 02:27:01.291,-3.4938246800000003,0.69274331065000005,-4.3559011750000005,-1.88094213375,-1.08607213925,-0.506356309,-0.400004215,-0.642907683,0.183907352,
2017-06-11 02:27:01.391,-0.6399018354999999,-4.7709910414999994,3.6610941438499993,-1.8076890925,-1.6994864875,-1.1954459495,-0.42431249381,-0.722719407619,0.117263414,
2017-06-11 02:27:01.491,-4.7127526250000003,0.49797193525,2.1778655599999999,0.540959848988,0.74767609475,0.011419170675,-0.419428151,-0.759772225,0.1026335881,0.485752105
2017-06-11 02:27:01.591,-4.6262331224999995,2.7311058904999999,1.04388017535,2.16282792,1.956564175,1.58329843775,-0.412819607368,-0.688821461053,0.141400532474,0.577049427368
2017-06-11 02:27:01.691,3.1463871972619044,-3.3101477833333335,-2.4641783575238092,1.2838446964,0.82401683625,0.5082994345,-0.4133040925,-0.5990677795,0.221811486,0.648354565
2017-06-11 02:27:01.791,2.9573561452631578,-2.3687634236842108,-1.8636930457894738,-0.93762293175,0.41433749795,-0.695664311095,-0.41908890381,-0.585660432857,0.214011924762,0.659618014762
2017-06-11 02:27:01.891,-0.58903398809523799,0.79992431238095263,0.19450679142857127,0.298442253375,-0.68153009605,0.302062315825,-0.418924274211,-0.603018834211,0.196898695789,0.649541282105
2017-06-11 02:27:01.991,0.48321063474999998,1.56541116525,-3.7427341854999994,-0.214675054825,-0.192848207725,-0.0529168027875,-0.416718982,-0.602700836,0.211988227,0.6466237465
2017-06-11 02:27:02.091,-1.0309348142105264,-1.2704207386842103,0.49121055368421057,-2.314817345,-1.62854920575,-0.997566911,-0.4369783655,-0.655695605,0.1765789635,0.5879405645
2017-06-11 02:27:02.191,-3.0137814290476195,-1.8291676413809521,3.4753038942857146,-0.645382693375,-1.1769197431,-0.7880823865,-0.43422676,-0.7446288475,0.136787681,0.487363145
2017-06-11 02:27:02.291,-5.430053242105263,2.5127449003684212,2.073794787368421,1.74010570925,1.826747662,0.545804350285,-0.419582921905,-0.73426410619,0.146196391905,0.511624146667
2017-06-11 02:27:02.391,0.84807095249999997,1.3759158580000002,-0.061264554250000006,2.075893165,1.05934755195,1.55444439125,-0.419546525789,-0.638274882632,0.219838455263,
2017-06-11 02:27:02.491,1.5165457585714288,-4.2567819744761906,-3.0677629433333338,-0.2779729265,0.17245873425,-0.47247144985,-0.400500534,-0.6104103995,0.244328511,0.6380677625
2017-06-11 02:27:02.591,1.0872612531578951,-1.152658764368421,1.7115853289473686,-0.473349858305,0.166629374775,-0.375874337075,-0.4112463025,-0.6175555245,0.1892356025,0.6430238135
2017-06-11 02:27:02.691,1.5834403869999998,0.84817741950000003,-2.891220616,-0.08632253025,-0.12204403475,-0.114271546,-0.410659617619,-0.62237802,0.194606138095,0.637244979048
2017-06-11 02:27:02.791,-1.9649590190476185,0.75207253666666662,-1.2404671207619045,-2.13083296,-0.878211309,-0.89026931275,-0.425444549474,-0.661373373684,0.151054552632,0.597848928421
2017-06-11 02:27:02.891,-0.97979721663157893,-4.0376614815789473,4.0188461926315782,-0.81946514395,-1.9761018865,-0.913613406,-0.428245969,-0.739138397,0.0980401888,0.509348862
2017-06-11 02:27:02.991,-5.0570381800000002,0.79175935865000002,2.1952951849999995,1.44900800564,1.24610975297,0.125091466231,-0.4040310265,-0.7602771895,0.11175502785,0.4954152605
2017-06-11 02:27:03.091,-1.9942107446000001,0.7172359747,0.75462143914999991,2.1788253925,1.49300980775,1.8991755375,-0.398736650952,-0.676407791905,0.183775317143,0.589126440952
2017-06-11 02:27:03.191,0.15737221428571399,-1.7728902171428573,-2.7683932926095238,0.758323344,0.20373501418,0.26253441635,-0.392172132632,-0.616793171579,0.250152698947,
2017-06-11 02:27:03.291,4.2051596215,-2.0141941450000003,0.40452688450000007,-0.488868207225,0.489879697013,-0.734792930325,-0.396282215,-0.611015697,0.2251242945,0.646916433
2017-06-11 02:27:03.391,-1.6555564073157893,-0.47562218210526308,0.64038649105263157,0.490252348175,-0.3266308287,0.462196864107,-0.385460035714,-0.613560268095,0.22922634,0.649694237143
2017-06-11 02:27:03.491,-0.91418547500000003,2.1205464300000001,-4.5285879600000003,-0.76173045975,-0.126995003175,-0.232828609055,-0.3893042,-0.608875726842,0.2340778,0.650108804211
2017-06-11 02:27:03.591,1.5112785571428571,-1.7244117428571428,0.20400128200000003,-1.889034045,-0.50864546981,-0.607345418325,-0.427019217,-0.6400786675,0.184842675,0.610678918
2017-06-11 02:27:03.691,-2.1607798668421054,-4.3304713947368425,0.51898079631578942,-0.9280936515,-1.7987454225,-0.98691966825,-0.425667498095,-0.71883717619,0.133600648095,
2017-06-11 02:27:03.791,-3.7073739250000002,0.83155937000000013,1.6565780645000001,0.423786930075,0.92452681005,0.330623548757,-0.420495556316,-0.736777672105,0.127424771053,0.513631433684
2017-06-11 02:27:03.891,-5.4574082800000001,2.8035906314999997,1.0981067871149999,1.47560156,1.185623856,1.233057332,-0.424074827143,-0.680338448095,0.162706307619,0.574147829048
2017-06-11 02:27:03.991,2.7502336635,1.8097214439999998,-4.2215078755000004,0.811657599268,1.26478871317,0.699627817512,-0.443792483,-0.6002563225,0.216093746,
2017-06-11 02:27:04.091,-3.4832832300000001,-4.7044681999999991,0.61292230699999983,-0.740065358974,1.51775099974,-0.823714472308,-0.448562841579,-0.570757794211,0.163966133158,0.666997142105
2017-06-11 02:27:04.191,2.9116800199999995,-4.7843127235000003,4.3743600310000001,0.20477312185,0.068914287705,0.29519484255,-0.4609630265,-0.5500604925,0.1351125685,0.683128081
2017-06-11 02:27:04.291,-1.9383558094999997,-0.48968091899999988,-0.8797834805000001,1.00680339375,0.904962506325,0.79590811725,-0.45244853,-0.5058064585,0.181852747,0.7111762095
2017-06-11 02:27:04.391,-0.97528593376190476,1.7848681023809521,-0.69482162761904764,0.269135709625,1.19142660625,0.537765678,-0.4601661485,-0.4414728885,0.1940598365,0.7451788265
2017-06-11 02:27:04.491,1.3196703291578948,1.1150136651789475,-1.4300226047368421,0.32822077561,0.850065573171,0.373069042439,-0.468271016,-0.3943548065,0.188597331,0.76777855
2017-06-11 02:27:04.591,2.3348985229666663,0.53236552803333337,-0.8022215697142856,0.00627914342821,0.653385875897,0.254551033282,-0.473407820952,-0.357644957143,0.185538857143,0.78322321
2017-06-11 02:27:04.691,5.9039971315789472,0.070035450526316087,-0.50221360999999998,0.127420892375,-1.08987852342,-1.69791601013,-0.4652314275,-0.375246826,0.160694328,0.784745814
2017-06-11 02:27:04.791,-3.4974489480000002,-5.4345958599999999,-3.4746441379999999,-1.22839916728,-1.25986177578,-3.28653807475,-0.3967961985,-0.5065879985,0.0770375227,0.7592989815
2017-06-11 02:27:04.891,-0.29718843952380947,-2.7008708500000003,3.2778561619047615,-1.4271832212,-0.7264348489,-0.92987705875,-0.425088628421,-0.545455273158,-0.0362533566768,0.720951552105
2017-06-11 02:27:04.991,-2.6451381559999994,-0.087569066999999973,-0.14766149525,0.331981079,-0.78044297685,-0.403557168137,-0.396705326,-0.6138969225,-0.0331517686,
2017-06-11 02:27:05.091,-3.5365107317894737,-1.4792989424736842,0.80116552105263172,-0.93538701925,0.661034161,2.24651528259,-0.440383225714,-0.601498323333,-0.0216092584919,0.664558669048
2017-06-11 02:27:05.191,0.91166247400000011,1.3049608305,-0.13617429650000007,0.6252594032,-0.622544355275,1.8014338466,-0.528346731579,-0.513551495789,0.0752139195789,0.671537496842
2017-06-11 02:27:05.291,1.3217228324999997,-1.9146988130000004,-1.7386765349999997,0.835728818525,-2.37460159,-0.50598365375,-0.492286667,-0.555232514,0.151840656,0.65149035
2017-06-11 02:27:05.391,-2.4445053300000001,-3.0256882455,-0.55829358399999995,-0.303579548,-0.9173931655,0.837432376525,-0.481448440476,-0.601486725238,0.201744435714,
2017-06-11 02:27:05.491,0.26550930750000007,-2.4007032930000003,3.2208418000000001,0.877119971,-0.9432925759,-0.80490502525,-0.4652337175,-0.62958119,0.2169188255,0.582792139
2017-06-11 02:27:05.591,-2.2650153125000001,-0.91110656859999994,-2.4489999945000003,2.9140974525,-0.074530709425,-0.09167277295,-0.383364633158,-0.635937146842,0.295573117895,0.599541142632
2017-06-11 02:27:05.691,6.9578069000000013,3.5146939450000003,-7.8727915450000001,-0.32152015675,2.25822721,-2.83067631825,-0.3152721205,-0.5847263925,0.2996464055,0.6828484465
2017-06-11 02:27:05.791,-0.73513691250000002,-0.83957834499999995,2.3949075990000006,-1.00653722875,3.9146190075,-6.37745965,-0.247354917143,-0.546959459048,0.0307208467571,0.790886490476
2017-06-11 02:27:05.891,-3.644307875,-2.9414022414999996,1.8245269154999999,0.380266320575,2.834003585,-5.5619871525,-0.0851125821421,-0.443299675263,-0.259869647368,0.84934176
2017-06-11 02:27:05.991,-1.5918036614999997,-3.3496169150000008,-2.0461529199999999,-0.717135043811,2.73870136486,-4.15078495135,0.06451595625,-0.330104428,-0.456125926,
2017-06-11 02:27:06.091,-0.0071986942857141644,-0.78350339538095237,2.6172593166666669,-0.406231301317,1.43013263195,-1.01382539073,0.11488175215,-0.1949671235,-0.574431469,0.7859910105
2017-06-11 02:27:06.191,1.1915701221052633,-0.43364854842105255,-2.0940160552631579,0.7145631706,0.27078603505,0.177915452075,0.1722344665,-0.1852751695,-0.579056003,0.7749209775
2017-06-11 02:27:06.291,1.6188572660952383,-0.24716317595238096,-0.62356636190476189,0.965944594625,0.5613227003,0.1191692817,0.213265246,-0.182595834,-0.561579985,0.778035722
2017-06-11 02:27:06.391,1.3117055013157894,-0.10337676631578947,0.21617445947368419,-0.04711405513,-0.218641155475,0.1843570305,0.2247215485,-0.19983952,-0.5471712885,0.781100949
2017-06-11 02:27:06.491,2.3369947761904761,-0.2045849612380953,0.26204813809523819,0.709340172341,-0.527687803049,0.0313963859098,0.2158527105,-0.235091685,-0.5430163355,0.7764518835
2017-06-11 02:27:06.591,1.2257388277894734,-0.69515868789473689,-2.1607502563157897,0.8761883369,1.0087997645,-0.84736092175,0.2478804125,-0.27101165,-0.537794609,0.758486684
2017-06-11 02:27:06.691,-1.2583341286,1.7571262813000001,-0.1839173714999999,-1.337214004,0.5559192287,0.302142165917,0.2760705495,-0.223300888,-0.5408341705,0.7622535075
2017-06-11 02:27:06.791,0.41951159134999993,0.31222513829999998,0.87112042999999983,0.2028566146,-0.331981064532,0.101042346925,0.249256059048,-0.202111540476,-0.536158061429,0.780684321429
2017-06-11 02:27:06.891,0.36791771205000001,0.31329285299999998,-0.032843540599999985,-0.0584299994634,0.0565602374146,-0.0281502743585,0.247816742,-0.2138264115,-0.536328761,
2017-06-11 02:27:06.991,0.15412683499999999,0.37838217045,0.34408688265000004,-0.024222480585,-0.0069473271925,-0.065799968635,0.245055884737,-0.212821179474,-0.538572561579,0.777550547895
2017-06-11 02:27:07.091,0.2475618232,0.35813394300000007,0.45830437599999996,0.04961615731,0.0882922702875,0.0162902832625,0.249393697619,-0.212644761905,-0.53979158619,0.775374757143
2017-06-11 02:27:07.191,0.50773854809523811,0.27822660666666665,0.31935945633333335,0.17336375,0.150046286508,-0.0208685980525,0.257193999474,-0.212542827368,-0.536963662632,0.774813779474
2017-06-11 02:27:07.291,0.57384927731578939,0.043306046815789472,-0.76793218647368411,0.240095352825,0.54569787375,-0.226786297125,0.27257778619,-0.208492157619,-0.533641982857,0.772904821429
2017-06-11 02:27:07.391,-0.56086130947368418,0.1753477885263158,0.17330585999999998,-0.224443904625,0.020176527,-0.017541335025,0.2844514,-0.190530088889,-0.533792431667,0.773203168333
