,acc_phone_x,acc_phone_y,acc_phone_z,gyr_phone_x,gyr_phone_y,gyr_phone_z,rot_phone_x,rot_phone_y,rot_phone_z,rot_phone_theta,rot_phone_phi,labelstairsdown,labelstairsup,labelstanding,labelwalking,labelsitting,labelondesk
2017-06-21 01:56:50.795,-5.60564902539,3.79086361241,6.04700228806,-0.184124359843,0.755516549679,-1.19668537513,-0.0448885076539,0.400704958883,0.63749142883,0.591213055266,0.5235988,1,0,0,0,0,0
2017-06-21 01:56:51.795,-4.81214394121,-5.1471181708,-1.02744551223,-0.129150276055,1.00327838787,,-0.55514140335,0.4372372605,0.064016369135,0.6049086828,0.5235988,1,0,0,0,0,0
2017-06-21 01:56:52.795,2.36906458273,-7.97791243759,-2.36836829155,-0.0372760292028,-0.0153170896058,0.0785681221561,-0.73156697865,0.30954453625,-0.3929010554,0.4605109682,0.5235988,1,0,0,0,0,0
2017-06-21 01:56:53.795,2.58273529397,-8.7978711205,-3.48444819738,-0.129856445374,-0.14881120538,0.0314785767688,-0.7555312725,0.32829142875,-0.3367170914,0.4487686403,0.5235988,1,0,0,0,0,0
2017-06-21 01:56:54.795,2.4609784733,-8.13835453775,-2.92882160983,-0.0697994896757,-0.127147839712,0.0456283765063,-0.7754510157,0.31696944395,-0.2926139248,0.4520287559,0.5235988,1,0,0,0,0,0
2017-06-21 01:56:55.795,2.0808050343,-8.0879513795,-3.28915231989,0.386972890575,-0.0914946109002,-0.161750488963,-0.76880776385,0.27240408185,-0.2687410961,0.50534373935,0.5235988,1,0,0,0,0,0
2017-06-21 01:56:56.795,3.40255456118,-10.049538394,-1.14055757725,0.118934250911,-1.41855180067,-0.0665546141028,-0.6993252477,-0.0484821758965,-0.0661398221145,0.67739397035,0.5235988,1,0,0,0,0,0
2017-06-21 01:56:57.795,2.64945454317,-8.9485477805,-2.12258017198,0.444123165408,-1.04743860526,-0.161590560535,-0.56010018315,-0.46245924355,0.3044709108,0.58349072845,0.5235988,1,0,0,0,0,0
2017-06-21 01:56:58.795,2.01096027389,-7.91331849525,-2.04619699908,-0.029684515425,-0.38088918323,-0.216205599792,-0.29497882055,-0.73874924795,0.49931016695,0.3335502392,0.5235988,1,0,0,0,0,0
2017-06-21 01:56:59.795,1.94755811569,-8.9949273475,-3.35300952718,-0.136337960464,-0.133260908202,0.0629997438095,-0.26479673875,-0.76413673705,0.50033889615,0.3001931523,0.5235988,1,0,0,0,0,0
2017-06-21 01:57:00.795,2.19845396215,-8.63153672732,-2.92779445495,0.0130035126546,-0.134069882288,0.0377003168895,-0.27434190665,-0.75434339375,0.50915617745,0.29728514165,0.5235988,1,0,0,0,0,0
2017-06-21 01:57:01.795,1.94673781548,-8.80993602275,-2.2126269104,0.403908528165,-0.383487110559,-0.186537053993,-0.107679902523,-0.74677920485,0.5992184275,0.23070598115,0.5235988,1,0,0,0,0,0
2017-06-21 01:57:02.795,3.15243859151,-8.69508285607,-1.58571255636,0.516801253284,-1.13733861066,-0.219673939368,-0.090330326502,-0.14773479185,0.01089239405,0.0821189982605,0.5235988,1,0,0,0,0,0
2017-06-21 01:57:03.795,2.46374889167,-8.29763253509,-2.33701694372,0.0410732806742,-1.21853305059,-0.062434479102,-0.6411231268,0.43486669465,-0.4030193811,0.43348036085,0.5235988,1,0,0,0,0,0
2017-06-21 01:57:04.795,1.52762135445,-8.543052965,-2.94932897888,0.0063910073925,0.00685416302575,-0.0538244816133,-0.74889003445,0.29759971585,-0.26683326,0.52235090325,0.5235988,1,0,0,0,0,0
2017-06-21 01:57:05.795,1.65592855248,-8.618286581,-2.90971534339,0.002004346072,-0.054846615923,0.0140011252768,-0.7499586348,0.2702503933,-0.27102055595,0.5319030884,0.5235988,1,0,0,0,0,0
2017-06-21 01:57:06.795,1.99918875285,-8.856016175,-2.74575828578,-0.0666464230373,-0.157800142882,0.001293640887,-0.73603612095,0.26756760195,-0.26296012155,0.55727236785,0.5235988,1,0,0,0,0,0
2017-06-21 01:57:07.795,2.62478545324,-9.31798892932,-1.89978479455,0.0623090597722,-0.67558231316,-0.0162884159218,-0.71562574205,0.083296495179,-0.206753462295,0.6478416956,0.5235988,1,0,0,0,0,0
2017-06-21 01:57:08.795,2.79325152368,-9.402128609,-1.82517860037,0.350749497573,-1.07114735258,-0.126074017806,-0.6982569271,-0.208166458625,0.0494580450895,0.6587670761,0.5235988,1,0,0,0,0,0
2017-06-21 01:57:09.795,2.00466735775,-8.0729645245,-2.10164769129,0.219724513428,-0.760652425034,-0.230829589228,-0.4789833902,-0.6032657495,0.4110545018,0.47372708075,0.5235988,1,0,0,0,0,0
2017-06-21 01:57:10.795,1.47569225175,-8.89763599198,-2.82161525224,-0.000325551165664,-0.381843796482,-0.13286906705,-0.27949189375,-0.76097539385,0.49889830655,0.28940151715,0.5235988,1,0,0,0,0,0
2017-06-21 01:57:11.795,1.69454225928,-8.79091359875,-2.94996964477,0.0162629363651,0.054340772701,0.0111039338476,-0.2597575494,-0.7743611932,0.50654266045,0.26479162325,0.5235988,1,0,0,0,0,0
2017-06-21 01:57:12.795,1.48898371178,-8.64638010375,-3.08004913445,0.0728709126145,-0.0432907877506,0.0258415801902,-0.2882633626,-0.75685379135,0.50703252755,0.2802395662,0.5235988,1,0,0,0,0,0
2017-06-21 01:57:13.795,1.67966918071,-8.37860497275,-3.0220237956,0.125980853471,-0.412117552645,-0.0056989375675,-0.226820998835,-0.7610426636,0.55004812615,0.23995281,0.5235988,1,0,0,0,0,0
2017-06-21 01:57:14.795,2.54198403603,-9.0305592295,-0.889953367785,0.0835063374338,-1.07217215356,-0.097017689169,-0.114663216254,-0.0155036631,0.10228792325,0.121803359026,0.5235988,1,0,0,0,0,0
2017-06-21 01:57:15.795,2.96754338135,-9.19195931404,-1.52240413091,0.108511163143,-1.61343640157,-0.0730176780509,-0.5078666544,0.5409375274,-0.501590401,0.36909910895,0.5235988,1,0,0,0,0,0
2017-06-21 01:57:16.795,1.74388564934,-8.28072053475,-2.96179504528,0.0125584232597,-0.00955856688625,-0.056992035434,-0.75494262455,0.3248513051,-0.2799356445,0.4890527129,0.5235988,1,0,0,0,0,0
2017-06-21 01:57:17.795,1.73914350717,-8.5249765935,-2.89396209358,0.025553385804,-0.0025313814675,-0.0282710945695,-0.75168558215,0.3275362344,-0.3003585242,0.48033231495,0.5235988,1,0,0,0,0,0
2017-06-21 01:57:18.795,1.8977499259,-8.70206070777,-2.90648538104,0.157177279884,-0.149473998138,-0.132590129305,-0.75331610755,0.331570621,-0.29279004505,0.48120602865,0.5235988,1,0,0,0,0,0
2017-06-21 01:57:19.795,2.37280582386,-9.74431100525,-2.01502583166,0.150793260466,-0.798452575132,0.0318563415915,-0.7334529669,0.0576093858187,-0.184369275987,0.63372382275,0.5235988,1,0,0,0,0,0
2017-06-21 01:57:20.795,1.82123280372,-8.87178741933,-1.08051310719,0.672410728555,-1.39482889529,-0.348186175272,-0.66713122225,-0.250785052435,0.162650135409,0.6292099843,0.5235988,1,0,0,0,0,0
2017-06-21 01:57:21.795,2.53100885456,-8.32971660475,-2.6214088707,-0.141179794474,-0.70169330615,-0.031326852546,-0.42154540495,-0.668806093,0.46699453305,0.37598979915,0.5235988,1,0,0,0,0,0
2017-06-21 01:57:22.795,1.34643923178,-8.24970213559,-3.18268697445,-0.0255560542614,-0.0226100488847,-0.0178628194732,-0.34251135885,-0.7451977299,0.4822988421,0.29840724355,0.5235988,1,0,0,0,0,0
2017-06-21 01:57:23.795,2.0514301144,-8.81515715825,-2.94800571868,-0.238056405661,-0.172748873149,0.047747566671,-0.325873967,-0.73248512595,0.50367332285,0.31011182145,0.5235988,1,0,0,0,0,0
2017-06-21 01:57:24.795,1.71481010916,-9.34022927925,-2.83135030299,-0.0507341185433,-0.046491192833,0.056779092046,-0.3022189507,-0.7243609393,0.53447440975,0.3079216055,0.5235988,1,0,0,0,0,0
2017-06-21 01:57:25.795,1.842045524,-8.29655757625,-2.15905032574,0.388491316545,-0.21157937028,-0.429837227458,-0.212037919765,-0.7407204013,0.58128456865,0.24225452685,0.5235988,1,0,0,0,0,0
2017-06-21 01:57:26.795,3.62990135736,-8.05014720546,-4.07116124081,0.200920703568,-0.741269668391,0.0157520527303,-0.0206650626625,-0.78184375765,0.45675094885,0.1777942331,0.5235988,1,0,0,0,0,0
2017-06-21 01:57:27.795,-5.34377978018,-6.6337014364,2.07390138833,0.641248902589,-1.67879887665,1.17398908731,-0.0903287484162,0.62012508395,-0.5332493458,0.48819125167,0.5235988,1,0,0,0,0,0
2017-06-21 01:57:28.795,-1.44787319405,5.419049271,7.26094511507,,0.0653847272498,0.575390377718,0.31969138739,-0.00773028170434,-0.234962592465,0.90326880595,0.5235988,1,0,0,0,0,0
2017-06-21 01:57:29.795,-0.683826009737,8.50773843225,5.2056889467,0.0749326408095,0.446965981434,0.127386289669,0.4686716784,0.0587938128477,0.017491010497,0.8779793021,0.5235988,1,0,0,0,0,0
2017-06-21 01:57:30.795,-6.5968420503,4.3216605247,4.26037704927,-0.154689245249,0.926290814067,,0.136763374387,-0.190469505144,-0.31850082309,0.274867638514,0.5235988,1,1,0,0,0,0
2017-06-21 01:57:31.795,-6.42420307036,-5.22135837743,-3.04826124697,-0.682160941485,0.356648076492,-1.15442743916,-0.71306939345,-0.28668917526,0.55049203285,0.203677782975,0.5235988,0,1,0,0,0,0
2017-06-21 01:57:32.795,-0.924962569811,-7.35981149725,-4.54978888294,0.618916308535,-0.469021746714,-0.383314093544,-0.52764982625,-0.68169520735,0.4048238914,0.2619212326,0.5235988,0,1,0,0,0,0
2017-06-21 01:57:33.795,-0.313249355978,-9.05882862456,-2.666989424,-0.162902834586,-0.219389265158,0.0106765976511,-0.35827479985,-0.7295819821,0.5305015355,0.20479410713,0.5235988,0,1,0,0,0,0
2017-06-21 01:57:34.795,-0.279516759508,-8.8282459115,-2.47788133391,-0.153376211341,0.00754623571075,0.0350374164522,-0.36381397795,-0.7129709216,0.5421087461,0.22482370262,0.5235988,0,1,0,0,0,0
2017-06-21 01:57:35.795,-0.0463436273983,-8.882451206,-2.05859721077,-0.310763774789,0.058136614704,-0.0308157869395,-0.3582122745,-0.696785854,0.55502405325,0.25447935095,0.5235988,0,1,0,0,0,0
2017-06-21 01:57:36.795,-0.360687559513,-9.57349975213,-1.85223255477,0.597646620207,0.309391833329,-0.30477802753,-0.35014134265,-0.6658916863,0.5703697437,0.30450985635,0.5235988,0,1,0,0,0,0
2017-06-21 01:57:37.795,0.100357313693,-8.69465776175,-1.33601979,-0.156953684245,1.17411951708,0.441881921586,-0.63585978415,-0.4897899778,0.3435119523,0.44089191865,0.5235988,0,1,0,0,0,0
2017-06-21 01:57:38.795,-0.899066419591,-9.13935900675,-1.6860459324,-0.416709178038,1.04025969734,0.879004523693,-0.780977183,-0.082215838637,0.0800862970218,0.54912088985,0.5235988,0,1,0,0,0,0
2017-06-21 01:57:39.795,0.119618923418,-9.89440836591,-2.25392957545,0.0327396118454,0.368642815903,-0.132615559901,-0.72519559595,0.3176475051,-0.26210377925,0.53803150495,0.5235988,0,1,0,0,0,0
2017-06-21 01:57:40.795,0.0179985803432,-9.23333355575,-2.52832643224,0.304800594419,0.00746634756608,-0.0925779193314,-0.69752455525,0.35448212875,-0.3228171518,0.519344743,0.5235988,0,1,0,0,0,0
2017-06-21 01:57:41.795,0.169980528853,-8.310364879,-2.15436806724,0.257772713812,0.010060178211,-0.141290796719,-0.71759633295,0.34420259305,-0.27913408025,0.52182775075,0.5235988,0,1,0,0,0,0
2017-06-21 01:57:42.795,0.641871249555,-8.681119917,-2.78021064815,-0.150956625704,-0.089383612355,-0.12031918079,-0.7003029801,0.3765045299,-0.284195717,0.5200780264,0.5235988,0,1,0,0,0,0
2017-06-21 01:57:43.795,0.0256609283251,-9.20643745614,-1.00708474891,-0.353712655543,0.767922469296,0.308545924478,-0.6022491594,0.4094035944,-0.41610249435,0.5223395726,0.5235988,0,1,0,0,0,0
2017-06-21 01:57:44.795,0.236963242226,-9.4793260415,-1.90153781051,0.150426925805,0.911736815987,-0.040052270916,-0.3305151015,0.69047380075,-0.58762388295,0.2212325491,0.5235988,0,1,0,0,0,0
2017-06-21 01:57:45.795,0.262943215236,-8.88404989425,-2.43615409957,0.0076367348175,0.954126158745,0.731649331072,-0.197391907508,-0.2784882497,0.1469926672,0.0999055095335,0.5235988,0,1,0,0,0,0
2017-06-21 01:57:46.795,0.863365555184,-8.87211314762,-2.71265086104,-0.178377361374,0.167559334094,0.0761131174852,-0.3611960642,-0.729456715,0.4905450213,0.28751443805,0.5235988,0,1,0,0,0,0
2017-06-21 01:57:47.795,0.904941145392,-8.88870623142,-2.14893584808,-0.378972855032,-0.0686362227516,0.00020975875212,-0.34230423565,-0.7081229792,0.50920114035,0.3326286642,0.5235988,0,1,0,0,0,0
2017-06-21 01:57:48.795,0.233229293525,-9.63511594737,-2.35656126152,0.300404386073,0.133514837052,-0.171441977305,-0.3082259082,-0.71321557935,0.53403042075,0.31713500235,0.5235988,0,1,0,0,0,0
2017-06-21 01:57:49.795,0.379335185496,-8.071509553,-2.37658396981,0.38039674907,0.0149540535637,-0.124402399379,-0.34430542875,-0.7316037084,0.4915208646,0.2974574791,0.5235988,0,1,0,0,0,0
2017-06-21 01:57:50.795,0.294282053817,-9.359473277,-1.87719244372,-0.363877550301,0.936771148298,0.369275703278,-0.4966524427,-0.5833331072,0.4316347138,0.42260076575,0.5235988,0,1,0,0,0,0
2017-06-21 01:57:51.795,0.526015946681,-9.78271882682,-0.952023309842,-0.492233568213,0.89110227782,0.454885491634,-0.71669443405,-0.28110888689,0.14754401505,0.5995727748,0.5235988,0,1,0,0,0,0
2017-06-21 01:57:52.795,-0.718314292156,-8.39937576875,-3.130584062,0.669767546338,0.654078835217,0.252225225478,-0.80634735195,0.223639735999,-0.10219982258,0.5125430631,0.5235988,0,1,0,0,0,0
2017-06-21 01:57:53.795,0.522736985185,-8.66821674875,-2.76163129111,-0.0761437673245,-0.04016939063,-0.01754133465,-0.7589016352,0.30918006735,-0.22695040855,0.5146977574,0.5235988,0,1,0,0,0,0
2017-06-21 01:57:54.795,0.641030906261,-9.13414265163,-2.36618936296,-0.147388276667,-0.0330651621679,-0.0238962576965,-0.75224176095,0.2944678286,-0.25348423175,0.51701836075,0.5235988,0,1,0,0,0,0
2017-06-21 01:57:55.795,0.68266421569,-8.50596299002,-1.98751391451,-0.386609134572,0.180326080076,0.0673989130047,-0.721265334,0.2993540345,-0.30943574215,0.5277496913,0.5235988,0,1,0,0,0,0
2017-06-21 01:57:56.795,0.34095115096,-9.97295778747,-1.634537872,0.378393447361,0.302291002565,-0.226458074169,-0.675499749,0.31378934225,-0.3685180693,0.5466249623,0.5235988,0,1,0,0,0,0
2017-06-21 01:57:57.795,0.91944803848,-8.4653585695,-1.46654237586,-0.037204132918,0.849793813691,0.318751869512,-0.52442873395,0.57905715715,-0.5000383119,0.34310495935,0.5235988,0,1,0,0,0,0
2017-06-21 01:57:58.795,0.884834014783,-8.93830906075,-1.36020948955,-0.196777041898,0.484577371007,0.314037801513,-0.37316456895,0.65769863215,-0.58552391825,0.26276570115,0.5235988,0,1,0,0,0,0
2017-06-21 01:57:59.795,0.414590507654,-10.3760294128,-1.18395605132,-0.170441294564,0.851878255559,0.0578366829784,-0.0737019699065,-0.03516980835,0.07258223955,0.0759420577615,0.5235988,0,1,0,0,0,0
2017-06-21 01:58:00.795,0.630854156363,-8.34599675475,-2.20390904102,0.377631129774,0.524147851295,0.0812970325525,-0.25173531245,-0.7763805374,0.5230173717,0.19604689107,0.5235988,0,1,0,0,0,0
2017-06-21 01:58:01.795,1.2998070984,-8.4159253795,-3.0270712982,-0.159312052278,0.28076250182,0.18104307667,-0.38681953385,-0.7269841608,0.4571157446,0.3133054787,0.5235988,0,1,0,0,0,0
2017-06-21 01:58:02.795,1.578648081,-8.33996257494,-2.44715182169,-0.479294098461,-0.00227354663133,-0.0831685856637,-0.43412213185,-0.6720272604,0.4204914946,0.40152793205,0.5235988,0,1,0,0,0,0
2017-06-21 01:58:03.795,0.985736193375,-10.0012007952,-2.17956965394,0.081592491695,-0.179834613441,-0.00460227106575,-0.35932884415,-0.6957281397,0.4883734331,0.3716264443,0.5235988,0,1,0,0,0,0
2017-06-21 01:58:04.795,-0.0847238172233,-7.8360432188,-2.52043484927,0.469905469693,0.425056612753,-0.170856326022,-0.38500625655,-0.73503481515,0.443592295,0.3072575931,0.5235988,0,1,0,0,0,0
2017-06-21 01:58:05.795,1.54313696338,-9.44058511629,-1.01942600427,-0.659838992691,1.37891393522,0.45375093664,-0.67020361465,-0.40429874335,0.225893775665,0.519781191,0.5235988,0,1,0,0,0,0
2017-06-21 01:58:06.795,0.991472264703,-9.23547109925,-1.81647869729,-0.459432583137,0.509146405062,0.435064005229,-0.79715407235,-0.010389221398,-0.0733323105165,0.5820866518,0.5235988,0,1,0,0,0,0
2017-06-21 01:58:07.795,0.627285575818,-9.46490800975,-2.41129379149,0.305639789748,0.312358199309,-0.139782342906,-0.778021024,0.158746708505,-0.180691286235,0.5690749455,0.5235988,0,1,0,0,0,0
2017-06-21 01:58:08.795,0.451026017539,-8.18386012682,-2.63120217406,0.35306527566,-0.00100350231725,-0.0939778992598,-0.79736670715,0.2080035572,-0.182200749825,0.5221214446,0.5235988,0,1,0,0,0,0
2017-06-21 01:58:09.795,1.1778167663,-8.581678673,-3.09574250449,-0.146868081703,-0.0186167060528,-0.0180497407872,-0.79163855695,0.2280570403,-0.1948167964,0.5197133707,0.5235988,0,1,0,0,0,0
2017-06-21 01:58:10.795,1.06602923281,-8.51969558025,-2.52511710225,-0.71293572684,0.130256622252,0.068825492818,-0.75381970575,0.24142451465,-0.235746229,0.5417617957,0.5235988,0,1,0,0,0,0
2017-06-21 01:58:11.795,1.28556869901,-8.27692439836,-3.48617263382,0.564021784867,0.417989508081,-0.0207993933463,-0.74834700325,0.36641673575,-0.32823933815,0.4289554963,0.5235988,0,1,0,0,0,0
2017-06-21 01:58:12.795,-2.3864035566,-8.40581238125,-1.68995578935,-0.494652328752,-1.54800813205,0.779021579418,-0.71015407865,0.29685845085,-0.027322654706,0.55180810055,0.5235988,0,1,0,0,0,0
2017-06-21 01:58:13.795,-4.04352545969,0.776580628973,7.19474102977,,-1.63641469678,,-0.249022118964,0.0017821748533,0.4842366947,0.274092887923,0.5235988,0,1,0,0,0,0
2017-06-21 01:58:14.795,-0.311083115227,7.82547515275,6.2702931435,-0.109134252086,0.399923794361,-0.087719982013,0.102381410902,-0.39940093015,-0.89237510725,0.17316191985,0.5235988,0,1,0,0,0,0
2017-06-21 01:58:15.795,-0.240268369973,7.2167928995,7.23319880425,-0.0474760608492,0.042437253066,0.0068754577135,0.13748245895,-0.35251205655,-0.89801880955,0.22398978135,0.5235988,0,1,0,0,0,0
2017-06-21 01:58:16.795,-0.953377481583,6.72612657111,7.3331775575,-0.075248432554,0.0259597010688,-0.109002272429,0.195891993091,-0.276700086315,-0.78504511303,0.394570644727,0.5235988,0,1,1,0,0,0
2017-06-21 01:58:17.795,,0.67010128392,4.24305039625,-0.191348854616,1.39121587863,-1.12650243595,0.40087485885,0.234982747683,-0.6425428882,0.51145072215,0.5235988,0,0,1,0,0,0
2017-06-21 01:58:18.795,-6.76620124804,-4.88061673362,-1.57985243837,-0.0197723058643,0.358504476793,,0.42567907985,0.2641305343,-0.3624078058,0.213159145712,0.5235988,0,0,1,0,0,0
2017-06-21 01:58:19.795,2.71930052999,-8.79609087811,-1.23133201723,-0.065488496659,0.070830658254,0.0225101806973,-0.21031950255,-0.7223662145,0.54423852555,0.36991815785,0.5235988,0,0,1,0,0,0
2017-06-21 01:58:20.795,2.13468100121,-8.80130197825,-1.55861291363,0.0137933845118,0.00949179115915,-0.00988672671504,-0.21384946415,-0.72254567385,0.5549557074,0.35216338775,0.5235988,0,0,1,0,0,0
2017-06-21 01:58:21.795,2.18995433409,-8.8334146792,-1.52876084135,-0.009079437299,0.00286943226375,0.001865929549,-0.22065693065,-0.72010143105,0.55308943725,0.3561567667,0.5235988,0,0,1,0,0,0
2017-06-21 01:58:22.795,2.1440455275,-8.82082738,-1.63107423475,0.009515974303,-0.00310367156925,-0.00404861455775,-0.22034031415,-0.7225387027,0.55063901935,0.3552140561,0.5235988,0,0,1,0,0,0
2017-06-21 01:58:23.795,2.14296178125,-8.83925103375,-1.54320695225,-0.00121910940775,-0.0014746432895,-0.00681157432575,-0.2236086023,-0.7186296033,0.55047225205,0.36130304545,0.5235988,0,0,1,0,0,0
2017-06-21 01:58:24.795,2.1552655614,-8.81342015915,-1.65720352456,-0.00422954425589,0.00262578652506,0.00680996659925,-0.2209739118,-0.72338439785,0.5488980372,0.35579055405,0.5235988,0,0,1,0,0,0
2017-06-21 01:58:25.795,2.00627801325,-8.829587165,-1.72914430275,-0.0123641120895,0.00235836454875,0.00867484209375,-0.22646806515,-0.72187189,0.548205488,0.3564747296,0.5235988,0,0,1,0,0,0
2017-06-21 01:58:26.795,1.976693527,-8.83368864375,-1.7350240755,0.00903951023175,0.0062605795395,-0.0050281609925,-0.2315545969,-0.7214347789,0.5456803968,0.3579706052,0.5235988,0,0,1,0,0,0
2017-06-21 01:58:27.795,2.0664409095,-8.8404066725,-1.59806487925,0.0114457873453,0.001290978335,-0.0111157228125,-0.22736721,-0.718070784,0.54795894485,0.36388903805,0.5235988,0,0,1,0,0,0
2017-06-21 01:58:28.795,2.14240808722,-8.83783855138,-1.51773414662,0.00753846225414,0.00650042268571,-0.00749309809048,-0.22456133795,-0.7160764928,0.5484043289,0.36885565105,0.5235988,0,0,1,0,0,0
2017-06-21 01:58:29.795,2.16412178275,-8.8395564375,-1.475379997,-0.00233440824275,-0.000239562953,-0.0009209866195,-0.22555608215,-0.71432531685,0.54760690715,0.3728136153,0.5235988,0,0,1,0,0,0
2017-06-21 01:58:30.795,2.155206316,-8.838933755,-1.50594643275,0.00170089724475,0.00407257083075,-0.00266979645475,-0.2269039919,-0.71434587995,0.5460205998,0.3742782731,0.5235988,0,0,1,0,0,0
2017-06-21 01:58:31.795,2.17018118025,-8.83588007,-1.487223367,0.00103012084225,0.004333428352,-0.0036573283195,-0.22850808925,-0.71318386195,0.54462200565,0.3775424042,0.5235988,0,0,1,0,0,0
2017-06-21 01:58:32.795,2.17546416366,-8.83703420301,-1.49068662932,0.000667120553885,0.00561982352506,-0.00177720915313,-0.23062171495,-0.712086374,0.5429297007,0.3807524959,0.5235988,0,0,1,0,0,0
2017-06-21 01:58:33.795,2.18297058375,-8.8398079225,-1.461452956,0.003779771675,0.004179043265,-0.00307439172975,-0.2326959076,-0.7101489364,0.54207069805,0.38431649405,0.5235988,0,0,1,0,0,0
2017-06-21 01:58:34.795,2.19235536015,-8.83851681704,-1.44692199549,-0.00156639904787,0.00238295463759,-0.00198001381303,-0.23445139585,-0.70928134145,0.54036217745,0.38724694305,0.5235988,0,0,1,0,0,0
2017-06-21 01:58:35.795,2.15656549475,-8.83526334875,-1.5116705315,-0.00951597438025,-0.0071762424915,0.00447184254225,-0.23718160245,-0.7106126412,0.53831755365,0.3859799278,0.5235988,0,0,1,0,0,0
2017-06-21 01:58:36.795,2.08317012125,-8.83680814875,-1.58035370925,9.84870175e-05,0.003803727909,-0.001030120863,-0.24247334395,-0.7110157037,0.5355884823,0.3857544788,0.5235988,0,0,1,0,0,0
2017-06-21 01:58:37.795,2.0915646645,-8.8365447025,-1.5707796145,0.002243906665,0.00303446455325,-0.00398473107925,-0.2439987528,-0.7103566495,0.5343052085,0.38778203135,0.5235988,0,0,1,0,0,0
2017-06-21 01:58:38.795,2.12195745825,-8.8399276275,-1.546871332,0.00078257244125,0.00336985273325,-0.004003363759,-0.2447743134,-0.70935741715,0.53310259235,0.39076606565,0.5235988,0,0,1,0,0,0
2017-06-21 01:58:39.795,2.13940681328,-8.8270759599,-1.57373198246,-0.000499006166165,0.00567853013709,-0.00352506501955,-0.24760155305,-0.70910911625,0.5304581044,0.3930261457,0.5235988,0,0,1,0,0,0
2017-06-21 01:58:40.795,2.1459795065,-8.83265881625,-1.549392087,0.00422163228475,0.001775427942,-0.00545405077,-0.2490916841,-0.7078401298,0.52901779445,0.3963013499,0.5235988,0,0,1,0,0,0
2017-06-21 01:58:41.795,2.18584858596,-8.82721403133,-1.52009315238,-0.00206556534475,0.00304244999675,-0.001644999201,-0.2501972654,-0.70689131435,0.5275788418,0.39920539065,0.5235988,0,0,1,0,0,0
2017-06-21 01:58:42.795,2.14726085125,-8.83124573375,-1.569743767,-0.00395735914912,0.00141429555739,0.00173184496015,-0.2544224188,-0.7069823841,0.52520048365,0.39950926705,0.5235988,0,0,1,0,0,0
2017-06-21 01:58:43.795,2.13449539175,-8.8331437825,-1.5806051875,0.00210283071675,0.00253936775625,-0.00366797559,-0.2569511138,-0.7065151531,0.5237156451,0.40066641165,0.5235988,0,0,1,0,0,0
2017-06-21 01:58:44.795,2.154445897,-8.82871297625,-1.55748725925,0.002105492506,0.004061923644,-0.0038862440725,-0.2582191561,-0.70564956555,0.52254694615,0.4028960449,0.5235988,0,0,1,0,0,0
2017-06-21 01:58:45.795,2.165061829,-8.82954520375,-1.54769761475,-4.2588993e-05,0.0014586724695,-0.00393681849075,-0.25935694565,-0.7050863156,0.52117069465,0.4049287836,0.5235988,0,0,1,0,0,0
2017-06-21 01:58:46.795,2.2034060589,-8.81902654762,-1.52466109674,0.00497138239975,0.00338096698546,-0.0053076111,-0.26013707035,-0.70423967735,0.5197719029,0.407690088,0.5235988,0,0,1,0,0,0
2017-06-21 01:58:47.795,2.208489517,-8.82514441625,-1.51756227625,-0.00429882477175,0.00022359209625,0.0010806952805,-0.26164764405,-0.70362870975,0.5187689547,0.40905344905,0.5235988,0,0,1,0,0,0
2017-06-21 01:58:48.795,2.12515074637,-8.8215596203,-1.61407516491,-0.00755155784575,0.00472737636775,0.0039634365755,-0.2656789136,-0.70535637785,0.51702756155,0.40566244985,0.5235988,0,0,1,0,0,0
2017-06-21 01:58:49.795,2.12445426425,-8.82805436,-1.559972091,0.0116078976672,0.00293266189123,-0.00584397604536,-0.27123436665,-0.70333965265,0.5162971975,0.40642138405,0.5235988,0,0,1,0,0,0
2017-06-21 01:58:50.795,2.23721777875,-8.82804237875,-1.4309763285,0.0121857707875,0.0156514487315,-0.0122549778825,-0.26994616165,-0.69916144385,0.51635085805,0.41430098755,0.5235988,0,0,1,0,0,0
2017-06-21 01:58:51.795,2.26662861441,-8.83577830625,-1.68306412298,-0.129390633204,0.0490278986448,-0.0999749593695,-0.2474012546,-0.7113941954,0.51943210905,0.4027835593,0.5235988,0,0,1,0,0,0
2017-06-21 01:58:52.795,1.61672228926,-8.3448486807,-3.59394005881,-0.140644769739,-0.422895226218,0.510048240904,-0.33880235385,-0.7628324935,0.4323097929,0.32735176055,0.5235988,0,0,1,0,0,0
2017-06-21 01:58:53.795,-6.35199324783,-5.26985151796,0.09996211842,-0.0350905428759,,0.79026300027,0.0647892276835,0.45541918715,-0.3718549966,0.369788014777,0.5235988,0,0,1,0,0,0
2017-06-21 01:58:54.795,-1.06931638692,5.45429794901,6.89629737065,0.818818315213,0.008219671255,0.704615976893,0.34433243285,-0.0157561984608,-0.201672684875,0.90134523515,0.5235988,0,0,1,0,0,0
2017-06-21 01:58:55.795,-0.810837195659,8.07494376717,6.13131630802,-0.0449238992531,0.522838389018,0.212592641894,0.4517966679,0.10080208297,0.106332993957,0.8748062362,0.5235988,0,0,1,0,0,0
2017-06-21 01:58:56.795,-3.84402642229,4.19626014189,5.58807840994,0.0614893044602,1.06928919549,,0.290465656548,0.284994635523,0.236025933449,0.834655176105,0.5235988,1,0,1,0,0,0
2017-06-21 01:58:57.795,,-3.37387611251,-2.317007856,-0.514458862329,0.0558527800455,-0.123223215672,-0.21055394455,0.72611363015,-0.109730490923,0.6369049771,0.5235988,1,0,0,0,0,0
2017-06-21 01:58:58.795,0.820309228521,-8.06464335669,-2.96462613622,0.208648621832,0.00630295586466,,-0.6534147665,0.4379477784,-0.332936657695,0.4677766774,0.5235988,1,0,0,0,0,0
2017-06-21 01:58:59.795,1.19726494212,-8.34019300923,-3.07175901449,-0.0333091472469,-0.0033003808616,0.0201899355095,-0.7256257429,0.3827164077,-0.35037709905,0.4441010768,0.5235988,1,0,0,0,0,0
2017-06-21 01:59:00.795,1.9781601589,-8.58387640376,-2.90285383866,-0.144258150336,-0.0857356657188,0.0234319429311,-0.6940985551,0.4275186235,-0.36521887985,0.43894348515,0.5235988,1,0,0,0,0,0
2017-06-21 01:59:01.795,1.69916738438,-8.72226536291,-2.8930516652,-0.0654178428637,-0.155831355065,-0.0235253397689,-0.6871355705,0.4010059262,-0.36895596105,0.4741874961,0.5235988,1,0,0,0,0,0
2017-06-21 01:59:02.795,2.26659641241,-9.29585957581,-2.37918622754,0.148065725054,-0.609287878155,-0.12612603246,-0.73650992015,0.195695223315,-0.29571618654,0.55848765115,0.5235988,1,0,0,0,0,0
2017-06-21 01:59:03.795,2.13183690704,-8.76985537425,-1.39955369153,,-1.47026728337,-0.322957529737,-0.72249746825,-0.121699472931,0.0379443938275,0.6156810743,0.5235988,1,0,0,0,0,0
2017-06-21 01:59:04.795,2.27103685167,-8.7685930406,-2.53876282527,-0.332813100785,-0.747591306936,0.0181510163787,-0.47564937285,-0.62774946365,0.46270588915,0.38016628705,0.5235988,1,0,0,0,0,0
2017-06-21 01:59:05.795,1.82126872976,-8.49943369875,-3.38004929837,0.0424452367017,0.0223991394862,-0.0295647350655,-0.4330027839,-0.6937820993,0.44504479155,0.3556201261,0.5235988,1,0,0,0,0,0
2017-06-21 01:59:06.795,1.98017701748,-8.28422283935,-3.30550525697,0.0284486869967,0.0181109884679,0.0491187511085,-0.44101383015,-0.6898666245,0.43914490955,0.3586740442,0.5235988,1,0,0,0,0,0
2017-06-21 01:59:07.795,1.39438520238,-8.30005102918,-3.20480503132,0.0195155228182,-0.202576430826,-0.0818802263369,-0.4044048181,-0.7092540175,0.45455448905,0.3482212988,0.5235988,1,0,0,0,0,0
2017-06-21 01:59:08.795,2.23717642881,-9.42460632732,-2.16970170866,-0.110696645118,-0.663205892438,-0.0227194589108,-0.2202986098,-0.73938293,0.5509126744,0.292593179955,0.5235988,1,0,0,0,0,0
2017-06-21 01:59:09.795,1.52813628868,-8.88640303475,-1.28901153471,,-1.6263638624,-0.268789675858,-0.137036564413,-0.2601912154,0.06554953385,0.129070585413,0.5235988,1,0,0,0,0,0
2017-06-21 01:59:10.795,2.06085135872,-8.77489577093,-2.85972548588,-0.288676405244,-0.795469213605,0.00768255940326,-0.6436126709,0.40644240065,-0.43100692865,0.46030601025,0.5235988,1,0,0,0,0,0
2017-06-21 01:59:11.795,1.42441996202,-8.65222995675,-2.84184049035,-0.0214222549317,-0.00809722895375,-0.0105035049357,-0.7101345026,0.3422543566,-0.37087594105,0.48472888305,0.5235988,1,0,0,0,0,0
2017-06-21 01:59:12.795,1.62566748349,-8.598647424,-2.91247559835,0.0338502536943,0.052445662442,-0.0600850602865,-0.7025952763,0.352830587,-0.38025751805,0.4816967118,0.5235988,1,0,0,0,0,0
2017-06-21 01:59:13.795,1.11768183362,-8.79909804812,-2.53074942005,0.257708668336,-0.439186809689,-0.13772036887,-0.7250135815,0.27180321965,-0.3186976202,0.53264676645,0.5235988,1,0,0,0,0,0
2017-06-21 01:59:14.795,3.22978577911,-8.71080016181,-2.95869348504,-0.0363683225103,-0.593155303101,-0.0481894268632,-0.80575525925,0.0977084780156,-0.198843931295,0.5380902129,0.5235988,1,0,0,0,0,0
2017-06-21 01:59:15.795,1.83392640266,-8.7990326595,-0.814156985132,0.0700961326285,,0.010213368873,-0.585460141,-0.412874020915,0.26547785012,0.5528788429,0.5235988,1,0,0,0,0,0
2017-06-21 01:59:16.795,1.56336103667,-8.7631552765,-2.93725806911,-0.192595332675,-0.0243821896725,0.030113068485,-0.4314377341,-0.6811648884,0.4706508082,0.34983089605,0.5235988,1,0,0,0,0,0
2017-06-21 01:59:17.795,1.09260315268,-8.82391259574,-3.26546220751,0.00707948593659,0.0175079099957,-0.00497138232206,-0.45766966305,-0.68524504995,0.4561689581,0.3281037959,0.5235988,1,0,0,0,0,0
2017-06-21 01:59:18.795,0.915244780424,-8.900389941,-2.99490021227,0.0294209955725,-0.158300560776,-0.0424212831713,-0.41394496085,-0.6784704005,0.4930197828,0.34470307845,0.5235988,1,0,0,0,0,0
2017-06-21 01:59:19.795,1.11494749891,-8.8948873575,-2.33631172162,0.381072849593,-0.440942304399,-0.234574757658,-0.24128289105,-0.714865784,0.5797120337,0.28013016595,0.5235988,1,0,0,0,0,0
2017-06-21 01:59:20.795,1.96585606358,-8.662762066,-2.49267654854,0.311726753954,-0.864585570003,-0.239616359998,-0.0612486255614,-0.71253226125,0.47171108175,0.0611844506365,0.5235988,1,0,0,0,0,0
2017-06-21 01:59:21.795,1.61034157043,-8.43169965689,-1.81919448277,-0.0010168129855,-1.58279800594,-0.177854227654,-0.5345569888,0.53629207985,-0.4827779069,0.347904766585,0.5235988,1,0,0,0,0,0
2017-06-21 01:59:22.795,0.905712601835,-8.7276670775,-3.08582712563,0.053068523592,-0.0813156660028,-0.0589245108412,-0.72226395465,0.3873894518,-0.3070422194,0.4777256635,0.5235988,1,0,0,0,0,0
2017-06-21 01:59:23.795,1.48558277257,-9.1279886327,-2.53627788107,0.0790877273368,0.0953327624095,-0.0564942782612,-0.69576943775,0.37535768995,-0.35034488645,0.4944832078,0.5235988,1,0,0,0,0,0
2017-06-21 01:59:24.795,1.78367735715,-9.08928557118,-2.27978257145,0.0873794490376,-0.369536754232,-0.133199956142,-0.70930381335,0.30921274515,-0.34832378765,0.5163213344,0.5235988,1,0,0,0,0,0
2017-06-21 01:59:25.795,1.69227296764,-8.99605298875,-2.364938198,-0.041215483615,-1.00839782161,0.222639196079,-0.74843353305,0.0182151873091,-0.122047629327,0.624211676,0.5235988,1,0,0,0,0,0
2017-06-21 01:59:26.795,2.24903719903,-9.3538988612,-0.79564348238,0.034720664155,-1.74682944632,-0.11924647113,-0.61426355105,-0.373140807925,0.299529065255,0.5547523132,0.5235988,1,0,0,0,0,0
2017-06-21 01:59:27.795,0.778705523095,-8.86785732206,-2.76596556251,-0.143465611822,-0.104260268155,-0.068347833602,-0.37514132625,-0.6913255131,0.5178342411,0.3314640037,0.5235988,1,0,0,0,0,0
2017-06-21 01:59:28.795,1.00550708081,-8.6583971375,-3.10309521834,-0.0308823324025,-0.026503653944,0.0224337412265,-0.40176180865,-0.70221870855,0.489317477,0.3153069567,0.5235988,1,0,0,0,0,0
2017-06-21 01:59:29.795,0.880702610735,-9.01272232325,-2.75379357058,0.107353499988,-0.0267219216818,0.00923116045925,-0.4205892384,-0.6720655798,0.4992768708,0.33918467255,0.5235988,1,0,0,0,0,0
2017-06-21 01:59:30.795,0.842687653501,-8.7381572863,-2.0628184351,0.144954243832,-0.519194222209,-0.509521201714,-0.253135221475,-0.7203082433,0.5818659176,0.25031886975,0.5235988,1,0,0,0,0,0
2017-06-21 01:59:31.795,5.00148528714,-7.66180588195,-3.60319599658,0.312078995593,-0.133565539002,-0.309162346013,0.0527238449649,-0.8206802502,0.51878278435,0.2078072132,0.5235988,1,0,0,0,0,0
2017-06-21 01:59:32.795,-1.09073385906,-8.4861832385,-1.05467684423,-0.0841345220275,-1.42148959611,0.902500330518,-0.05956664099,0.2612132513,-0.21023633625,0.244941931848,0.5235988,1,0,0,0,0,0
2017-06-21 01:59:33.795,-4.23233839607,-1.54056007991,7.01458915592,,-1.56304769405,,-0.059894019631,0.28737592547,-0.0388607422705,0.8732668523,0.5235988,1,0,0,0,0,0
2017-06-21 01:59:34.795,-0.975605010056,7.65898157097,6.37230928164,0.210086242519,0.32204346583,0.376064358419,0.3511840273,0.2486313255,0.410467613,0.801095574,0.5235988,1,0,0,0,0,0
2017-06-21 01:59:35.795,-1.4507353081,7.29874646763,5.77534243654,0.130652273223,0.315273130391,-0.351217875793,0.298652751353,0.0650075971765,0.00752897005882,0.551288627382,0.5235988,1,1,0,0,0,0
2017-06-21 01:59:36.795,,-3.00611579503,-1.30280662824,0.198340279002,0.752802849223,,-0.64958829935,0.1934366536,0.47271270865,0.339837149873,0.5235988,0,1,0,0,0,0
2017-06-21 01:59:37.795,-5.17252210184,-5.11364904054,-4.70425075637,-0.483195419212,0.107110210616,-1.08331038531,-0.8070153211,-0.13157467494,0.39631262125,0.33211706935,0.5235988,0,1,0,0,0,0
2017-06-21 01:59:38.795,0.60254154874,-9.87414632818,-2.34521994427,0.199416777269,-0.15094393337,-0.165889903251,-0.66865353695,-0.414001005,0.3021289977,0.5281635656,0.5235988,0,1,0,0,0,0
2017-06-21 01:59:39.795,0.0166030725145,-8.67338654436,-2.43966664391,0.144855889551,0.101938689048,-0.102333625127,-0.6835298888,-0.43056298125,0.33820309015,0.4645074729,0.5235988,0,1,0,0,0,0
2017-06-21 01:59:40.795,-0.219132325083,-8.4823332715,-1.9822858959,0.153557217603,0.0627042803413,-0.106381935959,-0.70490302,-0.4001184802,0.32440571275,0.47375811795,0.5235988,0,1,0,0,0,0
2017-06-21 01:59:41.795,0.382203223499,-8.612783985,-2.57514905639,-0.0925671417185,0.0468505357412,-0.025361737005,-0.7262653779,-0.3626628197,0.28336045865,0.4971312178,0.5235988,0,1,0,0,0,0
2017-06-21 01:59:42.795,0.136227996239,-9.77585792206,-0.196661723972,-0.459979623976,0.983325019996,0.445417716672,-0.70988593545,-0.227325144389,0.139726089929,0.6207110408,0.5235988,0,1,0,0,0,0
2017-06-21 01:59:43.795,0.327085244832,-9.35771988732,-1.34798187861,0.458430736039,0.798912481347,-0.104091524166,-0.7447656125,0.2530320957,-0.21415937687,0.5629911931,0.5235988,0,1,0,0,0,0
2017-06-21 01:59:44.795,-0.156112276163,-9.23813421122,-1.26952166864,-0.240514107102,0.937831981678,0.435498700398,-0.5293801043,0.60656755675,-0.3948611112,0.3924477933,0.5235988,0,1,0,0,0,0
2017-06-21 01:59:45.795,0.935174134229,-9.07810883058,-2.25106634894,-0.0970691597111,-0.0213533433799,-0.027348436691,-0.3914698373,0.70969339845,-0.52279125345,0.23963724245,0.5235988,0,1,0,0,0,0
2017-06-21 01:59:46.795,0.706482892159,-8.867931443,-2.5321704311,-0.142683717161,-0.058514592305,0.0373744889083,-0.38737560805,0.70681049335,-0.5208587706,0.25115425845,0.5235988,0,1,0,0,0,0
2017-06-21 01:59:47.795,0.624567235568,-9.28740714275,-2.04505338421,-0.371389179702,0.297627737383,0.142146029926,-0.34997405455,0.68973993605,-0.57137301005,0.247119836,0.5235988,0,1,0,0,0,0
2017-06-21 01:59:48.795,-1.17124243941,-7.23610274193,-3.73183577385,0.638331559978,0.759111235682,-0.104100767633,-0.113867585845,0.5962586263,-0.27445385565,0.153185062176,0.5235988,0,1,0,0,0,0
2017-06-21 01:59:49.795,-0.312961237138,-9.41782344511,-1.20588938778,-0.489023383148,1.15883376513,1.11141483937,-0.222516385623,-0.7161535744,0.56439944065,0.148302610615,0.5235988,0,1,0,0,0,0
2017-06-21 01:59:50.795,0.0932141669642,-10.0598368817,-2.24199584582,0.0457645149577,0.545801684381,-0.133654852582,-0.643898982,-0.4649453649,0.37993630645,0.4553542891,0.5235988,0,1,0,0,0,0
2017-06-21 01:59:51.795,0.589863396722,-8.844280621,-2.45039847713,0.409048482362,0.17452429994,-0.171330127766,-0.6998512761,-0.39120692705,0.2626117198,0.52045587165,0.5235988,0,1,0,0,0,0
2017-06-21 01:59:52.795,0.514414296025,-8.3876221945,-1.97225675467,0.0529880498622,-0.132716962031,-0.0930900025434,-0.7044201842,-0.4003808185,0.2448664367,0.52113899095,0.5235988,0,1,0,0,0,0
2017-06-21 01:59:53.795,0.703859656253,-8.68036750627,-3.04423202407,-0.112746327744,-0.092977059153,-0.0680811383125,-0.7209600023,-0.39008668585,0.2239074945,0.51293440355,0.5235988,0,1,0,0,0,0
2017-06-21 01:59:54.795,0.242375991439,-9.312411188,-0.752341527474,-0.377173293625,0.840605243689,0.360278783461,-0.67433917965,-0.303449968423,0.16834576762,0.63020967935,0.5235988,0,1,0,0,0,0
2017-06-21 01:59:55.795,0.793837955474,-9.81792377383,-1.5772074799,-0.132563515685,0.967515067388,0.111053414887,-0.74479101515,0.161041639222,-0.226314494107,0.58436651875,0.5235988,0,1,0,0,0,0
2017-06-21 01:59:56.795,-0.114517864512,-8.81731266375,-2.36669253472,0.416995710658,0.906878346043,0.467622156692,-0.55060340855,0.59935610585,-0.40411229485,0.37088681255,0.5235988,0,1,0,0,0,0
2017-06-21 01:59:57.795,0.606520761033,-8.77654942425,-2.59468643902,-0.0837831633655,0.0889151338025,-0.0140330672955,-0.3932407875,0.69330057595,-0.52826425465,0.27292587155,0.5235988,0,1,0,0,0,0
2017-06-21 01:59:58.795,0.644577623405,-9.01559636175,-2.55556978085,-0.131820866648,-0.0799208780045,0.00401667103725,-0.3794629691,0.69437071065,-0.53316051545,0.27316740745,0.5235988,0,1,0,0,0,0
2017-06-21 01:59:59.795,0.545577046424,-8.56929601131,-2.25242570094,-0.26052842972,0.0119928613663,0.0125439526038,-0.3754522761,0.68047839335,-0.5580372531,0.25955488685,0.5235988,0,1,0,0,0,0
2017-06-21 02:00:00.795,0.333533293844,-9.91037080174,-1.22969958964,0.0404144981542,0.621343495134,-0.268048339996,-0.36783791615,0.63317288465,-0.63267820215,0.223601221165,0.5235988,0,1,0,0,0,0
2017-06-21 02:00:01.795,0.374523452026,-8.78130045147,-1.46986976787,0.0537298891569,1.22985275623,0.475251346344,-0.172975276024,-0.31692322425,0.22651718995,0.117567664473,0.5235988,0,1,0,0,0,0
2017-06-21 02:00:02.795,-0.1488504726,-9.22211290225,-0.695304134615,-0.342184809058,0.707417305694,0.686971394351,-0.427542654,-0.63389425115,0.5087107834,0.32988883475,0.5235988,0,1,0,0,0,0
2017-06-21 02:00:03.795,1.05983520089,-9.39408337118,-2.17558421636,-0.138510000893,0.330636853284,-0.143543482063,-0.6691320305,-0.41819186395,0.2862188146,0.5286609905,0.5235988,0,1,0,0,0,0
2017-06-21 02:00:04.795,1.07592065465,-9.22343613875,-2.54403177045,0.0213503839325,0.103658906311,-0.0876827163165,-0.69496789675,-0.3749079673,0.24095649595,0.5552671665,0.5235988,0,1,0,0,0,0
2017-06-21 02:00:05.795,0.472591265529,-9.31424331675,-2.30979286278,0.300566374613,0.159546289806,-0.130758804048,-0.6818515214,-0.3590954608,0.23235895055,0.5792870142,0.5235988,0,1,0,0,0,0
2017-06-21 02:00:06.795,-0.610946102661,-7.3732990447,-3.27509630772,0.140564970449,0.541112154052,0.220008351729,-0.8310922284,-0.175184518665,0.139723318578,0.4867471252,0.5235988,0,1,0,0,0,0
2017-06-21 02:00:07.795,0.4803092136,-9.700913272,-0.946397999153,-0.562829289255,1.26327155276,1.03928014965,-0.72830617655,0.189040545653,-0.16009726637,0.5716604083,0.5235988,0,1,0,0,0,0
2017-06-21 02:00:08.795,-1.11303747063,-9.82075404125,-2.13272905687,0.275164715213,0.621620710447,-0.118117861923,-0.45827185855,0.63396706105,-0.4537758343,0.39822813445,0.5235988,0,1,0,0,0,0
2017-06-21 02:00:09.795,0.481848012652,-8.4807165915,-2.22918248722,0.37647057813,0.12899668641,-0.185775776099,-0.3350815251,0.72457238285,-0.518555699,0.2788496239,0.5235988,0,1,0,0,0,0
2017-06-21 02:00:10.795,0.0839097244561,-8.21343470802,-2.87932382359,-0.117928873945,-0.202404109755,-0.0271930618425,-0.35192428915,0.733748687,-0.50096808925,0.26749025115,0.5235988,0,1,0,0,0,0
2017-06-21 02:00:11.795,0.46729826505,-9.07736391075,-2.81789628291,-0.170974994758,0.00324487454912,0.00092863165213,-0.38716520555,0.70188150765,-0.52956775985,0.2485473,0.5235988,0,1,0,0,0,0
2017-06-21 02:00:12.795,0.755177366751,-9.32548433392,-1.01025297788,-0.0657313076725,0.0985634417325,-0.034709479066,-0.3865661102,0.6135313208,-0.6309762612,0.2684174613,0.5235988,0,1,0,0,0,0
2017-06-21 02:00:13.795,0.618039872849,-8.47325854739,-2.33062748447,0.124243323135,-0.0211258195057,0.00777986697351,-0.34026035775,0.7308188688,-0.53677707805,0.24301379475,0.5235988,0,1,0,0,0,0
2017-06-21 02:00:14.795,0.471945239318,-9.34731633794,-0.695548601764,0.114498001263,0.641531233626,-0.173630334068,-0.318449752,0.64164996135,-0.6607470333,0.200530181805,0.5235988,0,1,0,0,0,0
2017-06-21 02:00:15.795,1.57227937573,-8.85445361247,-2.24654043368,-0.215530642868,0.314088361847,0.119091691309,-0.0467502274,0.25569987185,-0.16554209015,0.0426787368213,0.5235988,0,1,0,0,0,0
2017-06-21 02:00:16.795,3.70872383571,-8.5137439305,-1.54065625608,-0.518110870503,0.631051507221,0.0334403328947,-0.088326263178,-0.75738418605,0.5457451512,0.29606198148,0.5235988,0,1,0,0,0,0
2017-06-21 02:00:17.795,-0.525844528886,-9.11297785675,-2.23530175174,0.257764454253,-0.969809544128,0.559451454638,-0.120987947275,-0.46977760455,0.32334208575,0.177157559213,0.5235988,0,1,0,0,0,0
2017-06-21 02:00:18.795,-5.91379445108,-2.75830220485,5.27296503349,0.778220377328,-1.65143014488,,0.0941111320805,0.441066754905,-0.4672195086,0.6657992936,0.5235988,0,1,0,0,0,0
2017-06-21 02:00:19.795,-0.8525669644,7.67579784135,5.98613250727,0.279708425707,-0.404699082667,0.046155803576,0.40879804835,-0.117343597958,-0.3030599293,0.85005097955,0.5235988,0,1,0,0,0,0
2017-06-21 02:00:20.795,-0.400986163075,8.3740963075,5.80210273775,-0.0175879662068,-0.00375455442857,-0.0182177280341,0.4176582643,-0.167487088,-0.3529637693,0.8203079475,0.5235988,0,1,0,0,0,0
2017-06-21 02:00:21.795,-0.715335280344,7.69601709617,5.5475790342,-0.0668856383052,0.134806908157,-0.258434213128,0.328810661136,-0.250390931477,-0.532602492386,0.592804671182,0.5235988,0,1,0,1,0,0
2017-06-21 02:00:22.795,,-2.66246776121,0.234180417473,0.14920906068,1.17604346726,,-0.636720190588,0.0814600383369,0.445749346791,0.285717133209,0.5235988,0,0,0,1,0,0
2017-06-21 02:00:23.795,-5.05072011641,-5.6370818585,-1.25284014168,0.245128837695,0.150331099349,-1.09238328366,-0.741033754478,-0.0528623538985,0.356835040179,0.482894845473,0.5235988,0,0,0,1,0,0
2017-06-21 02:00:24.795,0.301496359521,-9.3752593401,-1.53580183631,-0.356613292845,0.194284188752,0.0867843800444,-0.75183999598,-0.288707352312,0.150155468829,0.561760516382,0.5235988,0,0,0,1,0,0
2017-06-21 02:00:25.795,1.11616896407,-9.03046341275,-1.29784916923,-0.081874646895,-0.15814351367,0.132488980111,-0.7348894818,-0.2143009969,0.0335012870185,0.6338046622,0.5235988,0,0,0,1,0,0
2017-06-21 02:00:26.795,1.18973798043,-9.29741834675,-1.70763702437,0.188613267555,-1.2053691745,-0.439827004307,-0.6485126526,-0.42852002805,0.2635119159,0.52933528675,0.5235988,0,0,0,1,0,0
2017-06-21 02:00:27.795,1.53999162119,-8.89902859774,-1.4856324795,0.0839664611484,-0.0143324171622,0.00668721649348,-0.452944569254,-0.631161216517,0.44226946602,0.447580962935,0.5235988,0,0,0,1,0,0
2017-06-21 02:00:28.795,0.480608585184,-9.265995665,-0.506570602367,0.0537818912292,0.371216165497,-0.160294258513,-0.446132323166,-0.582239081005,0.447418882261,0.506363712714,0.5235988,0,0,0,1,0,0
2017-06-21 02:00:29.795,1.40271510651,-9.14848401462,-1.54833828507,-0.256800877192,0.746446338732,0.352378528173,-0.712861707463,-0.328492496468,0.194220537731,0.566474851592,0.5235988,0,0,0,1,0,0
2017-06-21 02:00:30.795,1.44947785144,-9.507281938,-2.18985028405,-0.191243137172,0.00517456205175,0.205002036987,-0.734347088141,-0.219383415226,0.106976995668,0.61977088593,0.5235988,0,0,0,1,0,0
2017-06-21 02:00:31.795,1.55326927753,-8.55759125518,-0.529329349986,-0.0231570903967,-0.0825254810015,-0.0107086191937,-0.73784532505,-0.2294093813,0.11980314746,0.6122189936,0.5235988,0,0,0,1,0,0
2017-06-21 02:00:32.795,0.926854635895,-10.358687468,-1.57310278226,-0.0859764950383,0.0696516076375,-0.0030690668085,-0.7490871666,-0.22679356995,0.09626156836,0.60736444695,0.5235988,0,0,0,1,0,0
2017-06-21 02:00:33.795,0.741450180558,-9.00196869867,-1.57230045077,0.501405139931,-0.120679438957,0.109727989122,-0.73402414945,-0.0585016879149,0.111208643205,0.65541084165,0.5235988,0,0,0,1,0,0
2017-06-21 02:00:34.795,1.52085548252,-9.10697510451,-1.18085873473,-0.0302887457885,-0.359179453035,0.0347925332465,-0.7629064643,-0.143868144315,0.17836928959,0.59629030705,0.5235988,0,0,0,1,0,0
2017-06-21 02:00:35.795,1.73855672293,-9.09548819675,-2.22096757979,-0.068570911971,-0.899034657356,-0.170872296393,-0.60243003215,-0.46604561335,0.3841053597,0.502480462,0.5235988,0,0,0,1,0,0
2017-06-21 02:00:36.795,0.736576312865,-9.1632133755,-2.09576792302,-0.152527093283,-0.211393044223,0.163544329156,-0.37214066945,-0.6396066884,0.5460702942,0.36971160465,0.5235988,0,0,0,1,0,0
2017-06-21 02:00:37.795,1.0730828501,-9.68407876441,-0.753704874,-0.120892918073,-0.107126218154,0.0169795507885,-0.38773702,-0.64308333165,0.52725835405,0.3850567247,0.5235988,0,0,0,1,0,0
2017-06-21 02:00:38.795,0.959049684496,-9.10748126225,-1.77115893515,0.474893704878,-0.287813641199,-0.00997646800875,-0.42813559575,-0.6252492308,0.5135509635,0.3857985227,0.5235988,0,0,0,1,0,0
2017-06-21 02:00:39.795,1.55340374296,-8.85354334725,-1.36022744974,0.128315261783,-0.842995549413,-0.160206418989,-0.22173464994,-0.76914970725,0.56522575495,0.14750330712,0.5235988,0,0,0,1,0,0
2017-06-21 02:00:40.795,1.42186328169,-9.21777793275,-1.99384187244,-0.289969705996,-0.420496932105,0.0375794472105,-0.0780757446705,0.5930675786,-0.3935465477,0.0735154494067,0.5235988,0,0,0,1,0,0
2017-06-21 02:00:41.795,0.956105031667,-9.33896788471,-1.65348794888,0.0111836076622,-0.161253710936,0.0876596402549,-0.18541819195,0.76249791935,-0.59389999845,0.12755705562,0.5235988,0,0,0,1,0,0
2017-06-21 02:00:42.795,1.36894532557,-9.79457651175,-1.16975153595,-0.138424821504,-0.527970213777,-0.109927471099,-0.26113575445,0.7321693078,-0.58009745065,0.203371489225,0.5235988,0,0,0,1,0,0
2017-06-21 02:00:43.795,1.02419421581,-8.5958871285,-1.8782462425,0.449036870595,0.279703098173,-0.0262773984103,-0.3301433973,0.73251298985,-0.5484354632,0.20962175865,0.5235988,0,0,0,1,0,0
2017-06-21 02:00:44.795,1.0642710959,-9.47837721353,-0.984191002764,-0.314419248595,1.21049024786,0.37761958635,-0.139965166487,-0.10977448015,0.11407264395,0.112574010299,0.5235988,0,0,0,1,0,0
2017-06-21 02:00:45.795,0.415829295411,-8.86335095275,-2.12519073932,-0.271600549291,1.46221796608,0.663855665557,-0.44689153135,-0.63620449285,0.460683601,0.33383479425,0.5235988,0,0,0,1,0,0
2017-06-21 02:00:46.795,0.923465690253,-9.94927077373,-0.709428771794,-0.204685278781,0.470831780175,0.01153628901,-0.707759952687,-0.3148221101,0.167697083378,0.599862112786,0.5235988,0,0,0,1,0,0
2017-06-21 02:00:47.795,0.944422101001,-8.723218335,-1.52220861069,0.547310933488,0.137139162625,0.00177276617025,-0.775610315829,-0.150524466261,0.0451360152563,0.604113453618,0.5235988,0,0,0,1,0,0
2017-06-21 02:00:48.795,1.71626266282,-9.0365651584,-2.03792162443,-0.195973331939,-0.0475256682098,0.0594564522607,-0.8068789197,-0.1675711312,0.05237711235,0.5575778736,0.5235988,0,0,0,1,0,0
2017-06-21 02:00:49.795,1.20476672253,-9.5596370585,-1.93621169749,-0.294148748783,0.335558542945,0.257245402488,-0.77952793465,-0.142993579724,0.00682337896965,0.5894541508,0.5235988,0,0,0,1,0,0
2017-06-21 02:00:50.795,0.780285417096,-9.318308905,-0.317711330314,-0.277107835872,0.980872035267,0.262057955083,-0.7691716824,0.106027714907,-0.23724103039,0.55758366415,0.5235988,0,0,0,1,0,0
2017-06-21 02:00:51.795,1.43299606669,-9.86739086917,-1.67372255564,0.157918105592,-0.0120295169486,-0.0463381935008,-0.65490851615,0.3827534662,-0.43195310515,0.47973399375,0.5235988,0,0,0,1,0,0
2017-06-21 02:00:52.795,1.07296281264,-8.54810048165,-1.51747245739,0.392555901255,-0.0511254032925,-0.0209138486813,-0.681281040995,0.420661536219,-0.384802044328,0.448699936965,0.5235988,0,0,0,1,0,0
2017-06-21 02:00:53.795,1.52477128694,-9.30013066875,-1.93938511593,-0.351255243244,0.468965851133,0.238801713286,-0.69256881804,0.462376198191,-0.373217572714,0.387984896482,0.5235988,0,0,0,1,0,0
2017-06-21 02:00:54.795,0.746818867631,-9.6236221706,-1.67964291978,-0.330275906368,0.974081043653,0.410756230484,-0.4433568508,0.6398387383,-0.54627132135,0.211918619995,0.5235988,0,0,0,1,0,0
2017-06-21 02:00:55.795,1.31290458918,-9.06570201429,-0.641045133084,-0.191970072476,0.320854569556,0.0956402560223,0.07957699897,-0.5355492665,0.48248947695,0.03548634859,0.5235988,0,0,0,1,0,0
2017-06-21 02:00:56.795,1.32214710901,-9.98756887791,-1.89726475433,0.205168109358,-0.337132407803,-0.0984308283701,-0.114531629185,0.3283456699,-0.3464228137,0.051422589902,0.5235988,0,0,0,1,0,0
2017-06-21 02:00:57.795,1.33211711846,-8.39312120526,-1.62553403682,0.467667519165,-0.167596696434,-0.0737274941759,-0.2464715714,0.7733980322,-0.5649330361,0.10608351672,0.5235988,0,0,0,1,0,0
2017-06-21 02:00:58.795,1.44834182957,-9.39284893387,-1.46688083898,-0.341784500087,0.166763454183,0.127987308585,-0.261267206517,0.768914899701,-0.566129668159,0.0928583797811,0.5235988,0,0,0,1,0,0
2017-06-21 02:00:59.795,1.78473982118,-9.08088798897,-1.99584369431,-0.109693303111,-0.141485595461,0.0947844887308,-0.26330510195,0.7574134105,-0.57868414175,0.09778892606,0.5235988,0,0,0,1,0,0
2017-06-21 02:01:00.795,0.458628297405,-9.92342855325,-0.61098147241,-0.184000347975,-0.518353090623,-0.033416374701,-0.422520651809,0.657825004623,-0.534823216332,0.277944159397,0.5235988,0,0,0,1,0,0
2017-06-21 02:01:01.795,0.848788967253,-9.43150947975,-0.623519408831,0.0395758041598,,0.425578328019,-0.185440111001,-0.33205356425,0.26325935505,0.269555694467,0.5235988,0,0,0,1,0,0
2017-06-21 02:01:02.795,0.700540239624,-9.31357706595,-0.997456647805,-0.256748015748,1.32775669739,0.633446978938,-0.696328804776,-0.299098649403,0.189841993597,0.574645760498,0.5235988,0,0,0,1,0,0
2017-06-21 02:01:03.795,1.42461755613,-9.3489830703,-1.71400777569,-0.231545618842,-0.140761890511,0.146266514566,-0.72220293195,-0.1759771003,0.119533445775,0.6468883816,0.5235988,0,0,0,1,0,0
2017-06-21 02:01:04.795,1.21127519332,-8.8370057065,-0.700585163853,-0.0491822818455,-0.0448515151812,0.0307439175195,-0.725737859246,-0.219396632412,0.125533878131,0.628596783869,0.5235988,0,0,0,1,0,0
2017-06-21 02:01:05.795,1.5093245702,-10.2410979336,-1.82122334224,0.0760704239749,-0.225105153219,-0.0626052616263,-0.7376770315,-0.22227105595,0.130970004035,0.6158554897,0.5235988,0,0,0,1,0,0
2017-06-21 02:01:06.795,0.939105158382,-8.622513772,-1.39437444434,0.50098211327,-0.650019575206,-0.0614452454147,-0.74464606355,-0.3023602116,0.22868316505,0.5294756362,0.5235988,0,0,0,1,0,0
2017-06-21 02:01:07.795,1.25005018356,-9.03863604185,-2.10708905507,-0.253487128879,0.116431215865,0.0440139465714,-0.6320280919,-0.5174364971,0.3307225035,0.4619662615,0.5235988,0,0,0,1,0,0
2017-06-21 02:01:08.795,1.30142972252,-9.56509169975,-1.54742817837,-0.411824751559,0.759161808799,0.284534288097,-0.7132948838,-0.34617238095,0.157891494177,0.55378255695,0.5235988,0,0,0,1,0,0
2017-06-21 02:01:09.795,0.763490350765,-9.36602965075,-0.378329274495,-0.282894610897,1.22774169788,0.429794638212,-0.76713023875,0.0191993284415,-0.19485270465,0.5710909895,0.5235988,0,0,0,1,0,0
2017-06-21 02:01:10.795,0.660437164029,-10.2293989525,-1.63893775205,-0.171965001382,0.715227954262,0.108078866736,-0.60986946,0.4310333559,-0.5146546236,0.40208204145,0.5235988,0,0,0,1,0,0
2017-06-21 02:01:11.795,1.09078175266,-9.01410547,-1.00438142092,0.384501262514,1.04626474242,0.293344883076,-0.232000825225,0.65106367025,-0.56377060805,0.105386056934,0.5235988,0,0,0,1,0,0
2017-06-21 02:01:12.795,1.8228434535,-8.97526423402,-1.23318363274,-0.136231484882,-0.181405079787,0.0871636622945,-0.0356583864366,0.2784671547,-0.2049239626,0.0271723149764,0.5235988,0,0,0,1,0,0
2017-06-21 02:01:13.795,1.46785364311,-9.351252378,-1.65843731863,-0.278244432222,-0.239845142885,0.106389925505,-0.2356218429,0.73220066835,-0.60956860875,0.140447230095,0.5235988,0,0,0,1,0,0
2017-06-21 02:01:14.795,1.01476801739,-9.34573275153,-2.02887574953,-0.0510560678734,0.0883747920271,0.0903494717902,-0.26454565955,0.7236206668,-0.6068539083,0.148896595205,0.5235988,0,0,0,1,0,0
2017-06-21 02:01:15.795,1.58511381021,-9.50416837147,-0.715200763223,-0.0746528495586,-0.418479173014,-0.0482498042337,-0.30520840505,0.7274011786,-0.5690215734,0.19338098125,0.5235988,0,0,0,1,0,0
2017-06-21 02:01:16.795,1.09809853748,-9.2237534915,-1.76988358207,0.541568467465,-1.06973848504,-0.0386796488504,-0.41071039745,0.64566202965,-0.49026073645,0.36384300395,0.5235988,0,0,0,1,0,0
2017-06-21 02:01:17.795,1.57653364678,-8.83495198905,-1.77946964218,0.09930950969,-0.74612159393,-0.245980618378,-0.7105920247,0.3011211125,-0.19269570195,0.5903394682,0.5235988,0,0,0,1,0,0
2017-06-21 02:01:18.795,2.08865470704,-9.5418719595,-1.87871927228,-0.772662518852,1.44429066865,0.389949990209,-0.698751521095,0.305123343164,-0.256757547736,0.507192445771,0.5235988,0,0,0,1,0,0
2017-06-21 02:01:19.795,1.6007854969,-8.89271391288,-0.99992370244,-0.0470693584596,0.535564379489,0.119566682599,-0.448650240905,0.66301594799,-0.566404400402,0.167860419593,0.5235988,0,0,0,1,0,0
2017-06-21 02:01:20.795,2.23190083831,-8.74934801275,-1.70809807317,-0.164449344884,0.479035477603,0.329066386382,0.0574041127562,-0.43192521,0.337772510249,0.0315334850813,0.5235988,0,0,0,1,0,0
2017-06-21 02:01:21.795,1.30807088015,-8.73538089524,-2.44156345114,-0.243048029213,0.499491837624,0.182091890199,-0.0354917662975,-0.78586689995,0.5960376972,0.088896319535,0.5235988,0,0,0,1,0,0
2017-06-21 02:01:22.795,0.414104881669,-10.1468599238,-1.29655585886,-0.288990158824,0.847744216269,0.131174047124,-0.266623443417,-0.744046238442,0.497348847136,0.323549904523,0.5235988,0,0,0,1,0,0
2017-06-21 02:01:23.795,1.08770414917,-9.00213032206,-1.03234327894,0.388898576557,0.966618033188,0.26707546985,-0.64135654615,-0.4306336421,0.2132251266,0.57675336065,0.5235988,0,0,0,1,0,0
2017-06-21 02:01:24.795,1.61649455062,-9.02570931827,-1.08338712742,-0.162021772519,0.165953267881,0.1390876103,-0.7595408058,-0.2534560813,0.107040061145,0.5828588082,0.5235988,0,0,0,1,0,0
2017-06-21 02:01:25.795,1.37359478581,-9.28813226895,-1.59161961649,-0.320650164373,-0.0792325763727,0.158459812299,-0.7360091418,-0.2604345365,0.13967790363,0.5967809728,0.5235988,0,0,0,1,0,0
2017-06-21 02:01:26.795,1.34682339433,-9.21494908847,-1.45192813802,0.057673462912,-0.565853108862,-0.090703872651,-0.6833215072,-0.3755911282,0.2399382668,0.5590570011,0.5235988,0,0,0,1,0,0
2017-06-21 02:01:27.795,1.19624361884,-10.2957414908,-1.27753094331,0.01680401012,-1.01951886678,-0.111995698687,-0.4884380436,-0.54658189015,0.4906469396,0.4353759768,0.5235988,0,0,0,1,0,0
2017-06-21 02:01:28.795,0.612526272168,-8.63521929775,-1.27492284043,0.555783476694,-0.112999203395,-0.107451986228,-0.40820930345,-0.66045313,0.5386231617,0.30883669365,0.5235988,0,0,0,1,0,0
2017-06-21 02:01:29.795,1.67716201099,-9.22338264436,-1.39054600627,-0.255016172507,-0.173470018866,0.0911580221644,-0.3671903808,-0.70829635865,0.5293756719,0.2736296878,0.5235988,0,0,0,1,0,0
2017-06-21 02:01:30.795,1.54029100963,-9.37113702525,-2.18792228048,-0.12821677135,-0.867441618095,0.0527011959378,-0.08184791773,-0.2866991318,0.2960926046,0.106607957859,0.5235988,0,0,0,1,0,0
2017-06-21 02:01:31.795,1.18203799031,-9.09682345325,-0.554393155742,-0.118562385035,-0.595593518954,-0.155558897227,-0.167252117221,0.7193415285,-0.64742043675,0.112448303465,0.5235988,0,0,0,1,0,0
2017-06-21 02:01:32.795,1.33418160652,-9.4814276505,-3.15013342694,0.0983709249464,-0.487569060101,0.0719662979,-0.2309956255,0.70939526985,-0.53035488555,0.134642933525,0.5235988,0,0,0,1,0,0
2017-06-21 02:01:33.795,-4.24915500129,-7.45160237644,-1.32403768588,-0.364431209733,-1.43761218573,0.34680469714,-0.51751759403,0.567586615672,-0.166586980408,0.580647564925,0.5235988,0,0,0,1,0,0
2017-06-21 02:01:34.795,-6.24458259347,-0.10872191746,5.63410405108,,-1.37519804096,1.18217681464,-0.195721822485,0.3120055491,0.447953330245,0.73345770385,0.5235988,0,0,0,1,0,0
2017-06-21 02:01:35.795,-0.736159406125,8.43259401604,5.31448855233,0.0683424982288,-0.159623268932,0.0510027000684,0.347498801658,0.291746652111,0.568633570905,0.685258592864,0.5235988,0,0,0,1,0,0
2017-06-21 02:01:36.795,-0.729489732288,8.85513256812,5.03090806427,-0.0170629612265,-0.00887908980437,-0.0310850258051,0.355029162316,0.329472062211,0.558270291737,0.673537587368,0.5235988,0,0,0,1,0,0
2017-06-21 02:01:37.795,-0.85052014262,8.69121888235,5.34921874599,-0.0267177501412,0.069061896285,0.0164235162393,0.183113829556,-0.451223926333,-0.835637771722,0.253845666333,0.5235988,0,0,0,0,1,0
2017-06-21 02:01:38.795,-0.878534020266,8.61013160276,5.4483395604,0.0127740243749,-0.00378123944035,-0.0112049566258,0.19555299565,-0.44052994895,-0.8328619699,0.27204865585,0.5235988,0,0,0,0,1,0
2017-06-21 02:01:39.795,-4.90801374931,4.65021353162,4.90063128516,0.075495981086,0.536170641289,,0.04094322,-0.279275225839,-0.451013922857,0.20338777036,0.5235988,0,0,1,0,1,0
2017-06-21 02:01:40.795,,-2.72989127816,0.447443559043,-0.609067611112,0.0571969953045,-0.279524762351,-0.67604909035,-0.0504980255202,0.68202457285,0.2517057988,0.5235988,0,0,1,0,0,0
2017-06-21 02:01:41.795,-0.269505574115,-9.2471767935,-0.643679487157,0.0839269019955,0.605011005799,-0.904440793214,-0.60862447565,-0.4030507541,0.3658029788,0.5595440956,0.5235988,0,0,1,0,0,0
2017-06-21 02:01:42.795,0.894356757845,-9.12095505138,-0.590219274662,-0.00214279116165,-0.00232958480401,0.00436296848672,-0.6216409732,-0.3909993598,0.2965713871,0.61049119705,0.5235988,0,0,1,0,0,0
2017-06-21 02:01:43.795,0.509821845584,-9.15615406375,-0.91506515606,-0.0404116146562,0.734327114704,0.0550249571662,-0.6608473641,-0.3280991003,0.220272356765,0.6250175225,0.5235988,0,0,1,0,0,0
2017-06-21 02:01:44.795,0.995681517152,-9.19198953875,-0.542741390371,-0.374287893319,1.0757549526,-0.0372067935317,-0.7142839969,0.0352445992167,-0.165624645965,0.6622594665,0.5235988,0,0,1,0,0,0
2017-06-21 02:01:45.795,1.07426534982,-9.14354269774,-0.859788039475,0.0825174759323,0.832633165759,0.380856455085,-0.53866696305,0.5189856991,-0.4450711356,0.46610586375,0.5235988,0,0,1,0,0,0
2017-06-21 02:01:46.795,1.47306280833,-9.0569643325,-0.889659982976,0.0420433050397,-0.546222251564,-0.191873984652,-0.58796367705,0.41070801085,-0.46497785825,0.5113888222,0.5235988,0,0,1,0,0,0
2017-06-21 02:01:47.795,2.6868887004,-8.60522170925,-1.71515738273,0.0578704332077,-0.421503099521,-0.0572688636333,-0.70659043445,0.2411499592,-0.37108579475,0.54619205875,0.5235988,0,0,1,0,0,0
2017-06-21 02:01:48.795,0.791659036092,-9.20871843985,-0.283806825223,0.307265052194,-1.37726771551,-0.072275841016,-0.7207664805,-0.021125181885,-0.0914893963267,0.6491277848,0.5235988,0,0,1,0,0,0
2017-06-21 02:01:49.795,2.185191963,-8.5076246705,-2.30521238078,-0.168119983667,-0.394698660571,-0.0443191540665,-0.66596522185,-0.4135951486,0.23053013415,0.57106409675,0.5235988,0,0,1,0,0,0
2017-06-21 02:01:50.795,1.32194905251,-9.05027625325,-1.32119461985,0.23670952942,-0.105237359112,0.0711209285232,-0.63386058385,-0.42325543825,0.3031538763,0.5702053628,0.5235988,0,0,1,0,0,0
2017-06-21 02:01:51.795,1.69163230015,-9.040013575,-0.148006224838,0.0836154688688,-0.42974140355,-0.14650075386,-0.53051974785,-0.4824289081,0.3919869459,0.57208478105,0.5235988,0,0,1,0,0,0
2017-06-21 02:01:52.795,2.07397295414,-8.92168823935,-0.804882664376,-0.0397924068456,-0.17987704953,0.00660182482957,-0.42490690605,-0.59374481185,0.4607154942,0.5040528452,0.5235988,0,0,1,0,0,0
2017-06-21 02:01:53.795,1.61244696788,-8.723835043,-2.24029538125,-0.109466977485,0.0266021389542,0.0651930750272,-0.4417305723,-0.64515647545,0.4408895926,0.439848208,0.5235988,0,0,1,0,0,0
2017-06-21 02:01:54.795,1.59378976747,-8.8572137025,-1.93895999225,0.0243236289192,0.140604842908,0.001674279046,-0.48107889075,-0.60267464565,0.4098656102,0.4868352114,0.5235988,0,0,1,0,0,0
2017-06-21 02:01:55.795,1.66586189883,-8.875104515,-1.71801344675,0.0114990235587,0.0227984112637,0.00233707005525,-0.49204539515,-0.58228363385,0.39724926535,0.51087224955,0.5235988,0,0,1,0,0,0
2017-06-21 02:01:56.795,1.69713252657,-8.88375210526,-1.64665103308,-0.00491801269398,-0.00330091236892,-0.00630829195313,-0.50125736535,-0.5703728912,0.38680116895,0.5231928291,0.5235988,0,0,1,0,0,0
2017-06-21 02:01:57.795,1.7054156435,-8.85071126,-1.795342636,-0.0152930715464,0.0208888787095,0.00325821680602,-0.5044273999,-0.57342739345,0.3818922626,0.5204232952,0.5235988,0,0,1,0,0,0
2017-06-21 02:01:58.795,1.5877722825,-8.8485317675,-1.90969285175,-0.000472620799252,0.0172347283434,0.00364289748204,-0.5104733226,-0.57161421485,0.3782504382,0.51920755545,0.5235988,0,0,1,0,0,0
2017-06-21 02:01:59.795,1.66962281529,-8.87545659273,-1.75436088747,0.0102950043454,-0.0108847390732,-0.00280190633383,-0.51419728095,-0.56273969785,0.37336961455,0.52869323205,0.5235988,0,0,1,0,0,0
2017-06-21 02:02:00.795,1.60762699175,-8.8871395,-1.7015177495,0.01076170194,0.0024089389785,-0.003550855945,-0.50917496195,-0.5639014508,0.377664982,0.5292509992,0.5235988,0,0,1,0,0,0
2017-06-21 02:02:01.795,1.6998096604,-8.89994700125,-1.5603703005,0.00637767246466,0.0278642912175,0.00242565030902,-0.5153230703,-0.5525470186,0.3702499212,0.54038034935,0.5235988,0,0,1,0,0,0
2017-06-21 02:02:02.795,1.616734049,-8.92326837,-1.44878928975,0.0141847907975,0.0545032420092,-0.0012297567465,-0.52105651485,-0.54064945,0.3637288188,0.55106069475,0.5235988,0,0,1,0,0,0
2017-06-21 02:02:03.795,1.65704822675,-8.93490218625,-1.314021537,0.00992855503725,-0.0393761700815,-0.00605828186425,-0.52384562955,-0.5312931626,0.3571293809,0.56191560555,0.5235988,0,0,1,0,0,0
2017-06-21 02:02:04.795,1.68059725025,-8.93818335375,-1.2206397213,0.00442925352975,0.018960079834,-0.003758477123,-0.521653429,-0.5304808168,0.35748465815,0.56449311105,0.5235988,0,0,1,0,0,0
2017-06-21 02:02:05.795,1.73407225313,-8.93189259273,-1.20654966308,0.0138227378351,-0.0294600433336,-0.0117519957095,-0.5186388592,-0.5321903592,0.35762649845,0.5655438945,0.5235988,0,0,1,0,0,0
2017-06-21 02:02:06.795,1.7716139875,-8.9362852775,-1.1217972579,-0.0039980401395,0.0109480285485,-2.661810025e-05,-0.5214789749,-0.5252175281,0.3508754016,0.57365062695,0.5235988,0,0,1,0,0,0
2017-06-21 02:02:07.795,1.751046758,-8.93817732125,-1.12103085488,-0.0010141500035,0.0354659696965,0.00481255432975,-0.52888132365,-0.51674311905,0.3424049754,0.5795488348,0.5235988,0,0,1,0,0,0
2017-06-21 02:02:08.795,1.699685561,-8.939081485,-1.14198727532,0.00615885696942,-0.0220843588383,-0.00365582062231,-0.5321138105,-0.5133567119,0.3397646249,0.5812688001,0.5235988,0,0,1,0,0,0
2017-06-21 02:02:09.795,1.70530200476,-8.94874779073,-1.08334721642,0.00249677874625,0.00338316178825,-0.002195994097,-0.53437531315,-0.50868897095,0.33602390565,0.58545766275,0.5235988,0,0,1,0,0,0
2017-06-21 02:02:10.795,1.70253563425,-8.948913005,-1.10158928522,-0.0043147956715,0.002007005514,0.0003034464815,-0.5391357114,-0.50406486365,0.3299779399,0.5885220466,0.5235988,0,0,1,0,0,0
2017-06-21 02:02:11.795,1.68894988875,-8.94168007625,-1.15097458645,-0.003486972409,0.002880079531,-0.00155183581875,-0.54505510105,-0.4995454315,0.32327857625,0.59063688355,0.5235988,0,0,1,0,0,0
2017-06-21 02:02:12.795,1.65792983484,-8.93779908772,-1.21243817361,-0.0048272843193,-0.00019213071203,0.00056038127995,-0.5513487939,-0.4953008497,0.31687534595,0.59184005385,0.5235988,0,0,1,0,0,0
2017-06-21 02:02:13.795,1.64289366175,-8.9343513225,-1.24523656765,-0.0024328952725,0.00373984445775,-0.0013628472405,-0.55740697325,-0.4898142279,0.309978589,0.5943770646,0.5235988,0,0,1,0,0,0
2017-06-21 02:02:14.795,1.64014537675,-8.93795582375,-1.266480393,-0.0021134779385,0.003604092047,-0.002148081492,-0.5632705688,-0.4837703,0.3022961987,0.5977436049,0.5235988,0,0,1,0,0,0
2017-06-21 02:02:15.795,1.63621754075,-8.92643576,-1.3039864005,0.00029546102525,-0.0014347161305,-0.003502943303,-0.56806528475,-0.4791509247,0.29539523175,0.6003756117,0.5235988,0,0,1,0,0,0
2017-06-21 02:02:16.795,1.67740812406,-8.92856117669,-1.26584290649,0.00631362893609,0.00124884967068,-0.00466450691203,-0.57120601505,-0.4736455848,0.2889187136,0.60489820265,0.5235988,0,0,1,0,0,0
2017-06-21 02:02:17.795,1.67639399825,-8.93475246875,-1.232734564,0.0005376858255,0.003069068082,-0.00089436848725,-0.5752623397,-0.4665949812,0.2820151751,0.60976904185,0.5235988,0,0,1,0,0,0
2017-06-21 02:02:18.795,1.6785315525,-8.93300408875,-1.24066807037,-0.00099551731225,0.00195376929225,-0.003069068098,-0.5810136733,-0.4598063821,0.2742544976,0.6130038644,0.5235988,0,0,1,0,0,0
2017-06-21 02:02:19.795,1.68518743935,-8.92895735464,-1.24468389624,0.00393334280251,0.00436296840025,-0.00341298875614,-0.58561449255,-0.45351301985,0.26633122005,0.6167948955,0.5235988,0,0,1,0,0,0
2017-06-21 02:02:20.795,1.67428638,-8.93539314125,-1.21701725625,-0.001413421635,0.0041976759725,0.001586439372,-0.5910636749,-0.44478774255,0.25847645855,0.6212731872,0.5235988,0,0,1,0,0,0
2017-06-21 02:02:21.795,1.66316749775,-8.9343453325,-1.259594717,-0.00320215864575,0.00181003147825,-0.00196707833725,-0.5985159181,-0.43660219675,0.2495699047,0.62358555845,0.5235988,0,0,1,0,0,0
2017-06-21 02:02:22.795,1.65169317895,-8.93701875815,-1.25958224762,0.00165979595388,0.00314080355714,-0.00414682136566,-0.60402397625,-0.429483912,0.2411987528,0.62650197805,0.5235988,0,0,1,0,0,0
2017-06-21 02:02:23.795,1.68556093425,-8.92489099375,-1.25328383425,0.001509246866,0.00325273306425,-0.00098220826075,-0.60942380665,-0.4208659184,0.23149308435,0.63076733165,0.5235988,0,0,1,0,0,0
2017-06-21 02:02:24.795,1.6563416895,-8.93284842375,-1.25788227725,-0.00147198148,0.00335388189725,-0.00121644763175,-0.6155057107,-0.41196816505,0.22299180495,0.6337911151,0.5235988,0,0,1,0,0,0
2017-06-21 02:02:25.795,1.64702319023,-8.92538581328,-1.29538748346,-0.00665519467719,0.0106632549386,-0.000346902720551,-0.6250538717,-0.3997009948,0.2100728965,0.6367043075,0.5235988,0,0,1,0,0,0
2017-06-21 02:02:26.795,1.68176483,-8.9286391875,-1.28260486698,0.00577879171175,0.0063058303565,-0.00395545114625,-0.63050133225,-0.3900221248,0.19941992795,0.64074171385,0.5235988,0,0,1,0,0,0
2017-06-21 02:02:27.795,1.638923912,-8.9399915925,-1.21181407338,0.009020877505,0.00186060591125,0.00162104289775,-0.6336499402,-0.38072226705,0.1924513023,0.6453570004,0.5235988,0,0,1,0,0,0
2017-06-21 02:02:28.795,1.5981666665,-8.9547209425,-1.16959586392,-0.00312496613475,0.0164286975142,0.003934156659,-0.64154098655,-0.3654898196,0.18163506335,0.64947004215,0.5235988,0,0,1,0,0,0
2017-06-21 02:02:29.795,1.98837051527,-8.87702923133,-1.42543285231,-0.101461030003,0.153264274913,-0.226169878365,-0.6529969802,-0.3548135826,0.132561472967,0.6525078466,0.5235988,0,0,1,0,0,0
2017-06-21 02:02:30.795,1.84411123322,-8.35563074125,-3.05441644521,-0.05312708753,-0.213213725966,0.480890762101,-0.75168209665,-0.30695711575,0.0764246621265,0.5707988743,0.5235988,0,0,1,0,0,0
2017-06-21 02:02:31.795,-3.02670607513,-6.23806214116,4.30382632534,,-1.47637614589,1.01388115127,-0.40894459006,-0.188441283556,0.67163303195,0.4360590374,0.5235988,0,0,1,0,0,0
2017-06-21 02:02:32.795,-1.00733685695,5.7299374287,7.63948839048,0.690846031848,0.053580455412,0.665159219194,0.05726062989,-0.25806385446,-0.5462373251,0.119417039755,0.5235988,0,0,1,0,0,0
2017-06-21 02:02:33.795,-0.839759994668,7.81865385208,5.87836988919,-0.102077188435,0.104679525067,-0.0364037106341,0.125927484646,-0.418248525169,-0.884246514607,0.163825720056,0.5235988,0,0,1,1,0,0
2017-06-21 02:02:34.795,,-0.130360923293,2.73127441584,-0.0295534403401,1.20321330026,,-0.3671656858,-0.0738374268754,0.12066123045,0.208024154973,0.5235988,0,0,0,1,0,0
2017-06-21 02:02:35.795,-6.72831247472,-4.5542228677,-2.00152210982,-0.268140193445,0.563100796035,,-0.79290788285,-0.157547731717,0.47805717451,0.229160522735,0.5235988,0,0,0,1,0,0
2017-06-21 02:02:36.795,1.81911320888,-8.42258948508,-1.45607015714,0.50150648882,-1.36386670548,0.0867111550128,-0.5546260204,-0.5695504052,0.312375878145,0.4682339005,0.5235988,0,0,0,1,0,0
2017-06-21 02:02:37.795,0.8043374088,-9.17237433495,-1.75883655122,-0.37140515042,-0.248522647552,0.0564277315758,-0.23373868435,-0.74121949445,0.5955862645,0.161189697145,0.5235988,0,0,0,1,0,0
2017-06-21 02:02:38.795,0.320488440249,-9.1222516,-0.819330812436,-0.0827976649098,0.152060790599,0.0908618202381,-0.21176090434,-0.7396110985,0.60356994175,0.1732374512,0.5235988,0,0,0,1,0,0
2017-06-21 02:02:39.795,0.140717905017,-10.4041333544,-1.73078284794,-0.0790591213173,0.126299262401,-0.0251317650479,-0.297833272,-0.7205469682,0.56017065225,0.2627492817,0.5235988,0,0,0,1,0,0
2017-06-21 02:02:40.795,0.49649772103,-8.69955938903,-1.45096380698,0.503683676854,0.620126293046,0.175198939496,-0.4889660728,-0.6366489922,0.40766407155,0.4102519683,0.5235988,0,0,0,1,0,0
2017-06-21 02:02:41.795,0.518156510072,-9.37007721488,-1.13649670247,-0.29932065193,0.641863783321,0.305549287871,-0.6849332567,-0.3750078604,0.27946795795,0.5369458404,0.5235988,0,0,0,1,0,0
2017-06-21 02:02:42.795,0.492838473802,-9.60400466985,-1.9368066468,-0.273537863372,0.22630476608,0.27304028121,-0.71981221365,-0.25877647348,0.225871808,0.58323963405,0.5235988,0,0,0,1,0,0
2017-06-21 02:02:43.795,0.318316613796,-8.83087338913,-0.56299684647,-0.113864293753,-0.336069614196,-0.0646846705473,-0.6905155165,-0.2912318707,0.26289349915,0.5909855366,0.5235988,0,0,0,1,0,0
2017-06-21 02:02:44.795,-0.390687573329,-10.5235964942,-1.80249778357,-0.159084697072,0.808316995054,0.143095242871,-0.7584667452,-0.180011390371,0.0840333122095,0.6044498377,0.5235988,0,0,0,1,0,0
2017-06-21 02:02:45.795,0.608484679595,-9.08567462975,-1.2456317557,0.483206093992,0.855814267005,0.243282854333,-0.7372664652,0.26364689937,-0.285761360125,0.5312104532,0.5235988,0,0,0,1,0,0
2017-06-21 02:02:46.795,0.30382534025,-9.27472255323,-0.661001413001,-0.216506382181,1.16685543233,0.439047094709,-0.5395428425,0.5635585472,-0.48609264295,0.33336775445,0.5235988,0,0,0,1,0,0
2017-06-21 02:02:47.795,0.870290259402,-9.46362070775,-1.44392739438,-0.38344984555,0.26087877558,0.0706125227225,-0.29386272155,0.6974762799,-0.61032656075,0.1950647381,0.5235988,0,0,0,1,0,0
2017-06-21 02:02:48.795,0.0647375651787,-9.46350891178,-1.1490812032,0.0102496394637,0.162094285872,0.21743860558,-0.24981064145,0.68796923455,-0.64225348005,0.1871869605,0.5235988,0,0,0,1,0,0
2017-06-21 02:02:49.795,-0.137110370402,-10.1295524662,-0.983932879165,-0.217918933172,0.200787273855,0.0251557812541,-0.15212223419,0.72681669435,-0.6516033101,0.110213269235,0.5235988,0,0,0,1,0,0
2017-06-21 02:02:50.795,0.241968658437,-9.26873196484,-1.48904521898,0.257894304809,0.978394109182,0.137540619875,-0.146420530065,-0.6500733786,0.54320269685,0.158220535476,0.5235988,0,0,0,1,0,0
2017-06-21 02:02:51.795,0.442310296666,-9.1417179208,-0.695666169622,0.109850742902,1.07294866372,0.465113781205,-0.5355787642,-0.5884684886,0.3759373934,0.4277566145,0.5235988,0,0,0,1,0,0
2017-06-21 02:02:52.795,0.400842463039,-9.6748314935,-1.36032325393,-0.340711810051,0.382174838099,0.14403857903,-0.7208626707,-0.30687794525,0.18467748269,0.5739845708,0.5235988,0,0,0,1,0,0
2017-06-21 02:02:53.795,-0.07868837432,-9.61427343125,-1.1103909795,-0.207355081024,0.837655958505,0.453514037954,-0.7428899536,-0.178588174419,0.080895227749,0.5946252397,0.5235988,0,0,0,1,0,0
2017-06-21 02:02:54.795,0.698100319852,-9.37079574525,-0.372006428958,-0.209987609259,0.304130540162,0.221939139324,-0.73950645705,0.2151387118,-0.213718835725,0.5879789277,0.5235988,0,0,0,1,0,0
2017-06-21 02:02:55.795,-0.0406851737793,-10.265488496,-1.6671749772,0.0863338606035,-1.09889482093,-0.321163254708,-0.7478774956,0.038575362615,0.0167324384082,0.62234622445,0.5235988,0,0,0,1,0,0
2017-06-21 02:02:56.795,0.245936338749,-8.62131999489,-1.03071636127,0.438804179625,0.985124337877,0.270678370686,-0.7959351393,0.084913123268,-0.0460686294719,0.563340395,0.5235988,0,0,0,1,0,0
2017-06-21 02:02:57.795,0.582798084905,-9.44854405266,-1.46344082217,-0.246382553918,0.18836305961,0.147581450157,-0.7369469464,0.34129775045,-0.26569320265,0.50679133925,0.5235988,0,0,0,1,0,0
2017-06-21 02:02:58.795,0.900041177794,-9.32129635215,-1.63213687516,-0.245519044241,-0.0610335234559,0.118608697395,-0.7335453547,0.3172951867,-0.25204604255,0.53121226325,0.5235988,0,0,0,1,0,0
2017-06-21 02:02:59.795,0.328722438781,-9.45170549775,-1.1866004954,0.00940151929,-0.644541566393,-0.069609019804,-0.7714341263,0.185256622075,-0.122723492009,0.5771853193,0.5235988,0,0,0,1,0,0
2017-06-21 02:03:00.795,0.895323161943,-10.1315273082,-1.00666456164,-0.149524569132,-1.50275468499,-0.188410968963,-0.72296054775,-0.105583803777,0.203187835428,0.60123253115,0.5235988,0,0,0,1,0,0
2017-06-21 02:03:01.795,0.259871605673,-8.80855888625,-2.28461523345,-0.0496444437233,0.634012697276,0.0481901204845,-0.69066477835,-0.38315839735,0.325705033,0.5079637449,0.5235988,0,0,0,1,0,0
2017-06-21 02:03:02.795,1.37197500612,-9.145627963,-0.752880408787,0.0756806113425,0.778486560897,0.196199427414,-0.7649305389,0.011075260868,-0.047239788199,0.6289883254,0.5235988,0,0,0,1,0,0
2017-06-21 02:03:03.795,2.55944970532,-8.1184100125,-3.32744868181,-0.0981734607233,0.039562916711,-0.118750126593,-0.82527798715,0.0180735228432,-0.15401611303,0.54221774125,0.5235988,0,0,0,1,0,0
2017-06-21 02:03:04.795,2.1634990695,-8.52334797725,-2.20836378347,0.250314046278,-1.53850280761,-0.116025679579,-0.79777508935,-0.0844194593512,-0.037487294544,0.5464660582,0.5235988,0,0,0,1,0,0
2017-06-21 02:03:05.795,-2.51637929619,-9.0817343802,-0.260745013333,-0.112669134555,0.0701972759065,-0.130013499705,-0.59821966135,-0.3936404578,0.4991898707,0.47928571015,0.5235988,0,0,0,1,0,0
2017-06-21 02:03:06.795,1.41200776999,-8.7187157355,-1.35414410554,0.155755871488,0.529101482474,0.0843022170285,-0.6529365254,-0.3657172882,0.2543339162,0.6045934831,0.5235988,0,0,0,1,0,0
2017-06-21 02:03:07.795,2.05719013779,-8.9043357145,-1.65141992273,0.0521475390227,-0.327144558495,0.094917518248,-0.69901874715,-0.29285085425,0.138046629165,0.63335213955,0.5235988,0,0,0,1,0,0
2017-06-21 02:03:08.795,-3.29827218565,-4.7097010553,5.78722578296,,-1.846563009,,-0.286420216838,-0.227393165572,0.51770661525,0.25009431447,0.5235988,0,0,0,1,0,0
2017-06-21 02:03:09.795,0.0249441331583,6.1109105658,8.25898571725,0.615948392015,0.128552162975,0.478702753541,0.12771534276,-0.295044336965,-0.85534389165,0.3925360046,0.5235988,0,0,0,1,0,0
2017-06-21 02:03:10.795,0.297521313257,8.00538907125,6.15384129683,0.0198837282455,-0.0820662952605,-0.144161022217,0.18295710805,-0.40589192915,-0.8096242185,0.38092889215,0.5235988,0,0,0,1,0,0
2017-06-21 02:03:11.795,-5.73815120018,4.00118296639,3.47270609862,0.617516753155,1.75672213806,-1.1527572234,-0.247004416888,0.363746062722,0.486680531183,0.426487011243,0.5235988,0,0,0,1,1,0
2017-06-21 02:03:12.795,-6.27814879103,1.15639930451,-7.12745867503,-0.242381848385,0.772079576829,-0.322574228756,-0.534221933317,0.754734251156,0.160364829372,0.300008087538,0.5235988,0,0,0,0,1,0
2017-06-21 02:03:13.795,-3.77063509679,-2.60171582568,-8.6834011555,-0.191288387404,0.0142167343168,-0.887506349932,-0.894162362935,0.382581300547,0.082502930995,0.194875329945,0.5235988,0,0,0,0,1,0
2017-06-21 02:03:14.795,-3.23383473519,-1.67870468284,-8.96497867093,0.092609675387,-0.0397070136805,0.249246912296,-0.938778721156,0.29861290201,0.0950515505779,0.13504306695,0.5235988,0,0,0,0,1,0
2017-06-21 02:03:15.795,-2.516159724,-1.10701999155,-9.34752813625,-0.0861468508947,0.0139186102147,-0.0731226102523,-0.9302211647,0.3389010144,0.07955515187,0.11446671856,0.5235988,0,0,0,0,1,0
2017-06-21 02:03:16.795,-2.7910720555,-1.2311837965,-9.34184000625,-0.00619935791,0.00212146324675,0.0014267307075,-0.93630925315,0.3201458947,0.09202115944,0.111108365585,0.5235988,0,0,0,0,1,0
2017-06-21 02:03:17.795,-2.76824051955,-1.1309414782,-9.3448264198,-0.000290864575689,0.00354107590827,-0.00449372403308,-0.934918074577,0.324688153682,0.0927627384328,0.109089234542,0.5235988,0,0,0,0,1,0
2017-06-21 02:03:18.795,-2.7540869605,-1.13762834125,-9.3479173375,0.000513729529,0.00178873700025,-0.001977725591,-0.93457958195,0.3259903844,0.091993071215,0.108755119785,0.5235988,0,0,0,0,1,0
2017-06-21 02:03:19.795,-2.7681277665,-1.12701241175,-9.34470199875,0.000670776373,0.00060955473775,0.00023690117675,-0.9333180817,0.32954029615,0.092436671165,0.108510188965,0.5235988,0,0,0,0,1,0
2017-06-21 02:03:20.795,-2.77575572155,-1.12675770201,-9.34428616541,0.000680462967669,0.00326088528546,-0.00322886351554,-0.932043707387,0.333061876583,0.0928726831859,0.108342760412,0.5235988,0,0,0,0,1,0
2017-06-21 02:03:21.795,-2.76468491475,-1.14429248025,-9.34426489875,0.00060689291525,0.00085710316175,-0.00272835628975,-0.931143269104,0.335542398259,0.0925888832338,0.108672921184,0.5235988,0,0,0,0,1,0
2017-06-21 02:03:22.795,-2.7772228415,-1.132143748,-9.343396735,7.71925295e-05,0.00116587322325,-0.000492435035,-0.92950415635,0.3399274276,0.093281729985,0.108480065835,0.5235988,0,0,0,0,1,0
2017-06-21 02:03:23.795,-2.79344911525,-1.16318319765,-9.329308005,0.00824827850251,-0.00517952394536,-0.000384261446867,-0.927286189397,0.345267821256,0.0936463306533,0.110232208628,0.5235988,0,0,0,0,1,0
2017-06-21 02:03:24.795,-2.83454475414,-1.1837579619,-9.31004163659,-0.00143564345063,0.00276454757569,-0.000202804620551,-0.92485003485,0.3503052627,0.095387745155,0.113300431935,0.5235988,0,0,0,0,1,0
2017-06-21 02:03:25.795,-2.84262485475,-1.17258365175,-9.30750736375,0.00104879335711,0.00201527637631,-0.00112048304688,-0.92270396345,0.3559709371,0.095562306905,0.11299218022,0.5235988,0,0,0,0,1,0
2017-06-21 02:03:26.795,-2.83758932325,-1.18824109325,-9.30852525875,0.0012776692865,0.00259792755325,-0.00277626888425,-0.920930226219,0.36046729602,0.0949497706468,0.113723627612,0.5235988,0,0,0,0,1,0
2017-06-21 02:03:27.795,-2.8330081,-1.17332551779,-9.30712437218,-0.000290864574436,0.000781865288972,0.000328223320802,-0.918429690553,0.366836526834,0.0949114939648,0.11360476793,0.5235988,0,0,0,0,1,0
2017-06-21 02:03:28.795,-2.82819485525,-1.173122528,-9.31398586875,0.000944942904,0.003167555106,-0.00469277281375,-0.91619028045,0.37238876045,0.09472231965,0.11378707183,0.5235988,0,0,0,0,1,0
2017-06-21 02:03:29.795,-2.83018688872,-1.17893790827,-9.30696828446,-0.000312212420802,0.00122750181454,-0.000816555557393,-0.914070156816,0.377535801542,0.0939635905871,0.114492345801,0.5235988,0,0,0,0,1,0
2017-06-21 02:03:30.795,-2.83815814925,-1.166170988,-9.308435415,3.1941742e-05,0.002102830704,-0.000540347641,-0.911036829347,0.384795582764,0.0941497788693,0.114345642131,0.5235988,0,0,0,0,1,0
2017-06-21 02:03:31.795,-2.8342183355,-1.16906896125,-9.30947126625,0.00251541142425,0.00216139056525,-0.004565005899,-0.908516393134,0.390741948607,0.0933353121891,0.114911793607,0.5235988,0,0,0,0,1,0
2017-06-21 02:03:32.795,-2.82359009273,-1.17698707945,-9.30936928571,-0.00170516014261,0.00142230101855,0.000218815535338,-0.9057004651,0.3971604084,0.092940830055,0.115442769665,0.5235988,0,0,0,0,1,0
2017-06-21 02:03:33.795,-2.836068485,-1.163578381,-9.31402179,0.00103012086875,0.0019910346285,-0.00279490157575,-0.902595994271,0.404203876533,0.092655024995,0.115543826377,0.5235988,0,0,0,0,1,0
2017-06-21 02:03:34.795,-2.8266560545,-1.1804512905,-9.3095012025,0.00091566300475,0.001916503926,-0.00356948854025,-0.899944450498,0.4100318601,0.0914123763781,0.116676470303,0.5235988,0,0,0,0,1,0
2017-06-21 02:03:35.795,-2.82422511025,-1.16484175125,-9.30472316375,-0.00031675551425,0.002281172027,0.00041258070075,-0.896410783417,0.417718116482,0.0911908759849,0.11677650495,0.5235988,0,0,0,0,1,0
2017-06-21 02:03:36.795,-2.81744946767,-1.16381147143,-9.31755080075,0.00127286602882,0.00392000037118,-0.0047445613797,-0.893228820249,0.42469639398,0.0900161438806,0.116912372169,0.5235988,0,0,0,0,1,0
2017-06-21 02:03:37.795,-2.8032806605,-1.1735835675,-9.31679403625,-0.00102479724425,0.0014799669265,-0.0008837212795,-0.890116477136,0.431216500503,0.0887056109698,0.117771945533,0.5235988,0,0,0,0,1,0
2017-06-21 02:03:38.795,-2.81744720725,-1.16112947175,-9.31086637625,0.00028747559475,0.00165032282525,-0.00142406889375,-0.8861913042,0.43913401875,0.088702446525,0.118120502915,0.5235988,0,0,0,0,1,0
2017-06-21 02:03:39.795,-2.80299925275,-1.17000301325,-9.31875796375,0.0007479689005,0.00252872046975,-0.00477528895625,-0.8830963139,0.44544206695,0.08728496015,0.11874140379,0.5235988,0,0,0,0,1,0
2017-06-21 02:03:40.795,-2.81740145639,-1.15654237845,-9.31762882832,0.000240163412281,0.000520354025063,0.00042428867193,-0.879278418458,0.452917927065,0.0869263806766,0.119043124547,0.5235988,0,0,0,0,1,0
2017-06-21 02:03:41.795,-2.814944412,-1.15738725175,-9.31668029125,0.0005855984265,0.001967078338,-0.00526772400225,-0.87553392625,0.46013860385,0.086279120655,0.119434780245,0.5235988,0,0,0,0,1,0
2017-06-21 02:03:42.795,-2.81752150426,-1.16392551779,-9.31063587594,5.33696481203e-05,0.00120882244035,-0.000827229497995,-0.872064778543,0.466542684623,0.085362083402,0.12061325798,0.5235988,0,0,0,0,1,0
2017-06-21 02:03:43.795,-2.81648320575,-1.1498429395,-9.3139799325,-0.00143737794075,0.00335920548775,-0.001644999198,-0.867827756915,0.474548572587,0.0847166546915,0.120398591114,0.5235988,0,0,0,0,1,0
2017-06-21 02:03:44.795,-2.79763440625,-1.14175974575,-9.3220750675,0.0011179606225,0.0032500712475,-0.00598641298775,-0.864500916533,0.480802914975,0.0833045201809,0.120513846553,0.5235988,0,0,0,0,1,0
2017-06-21 02:03:45.795,-2.79602635388,-1.15000559148,-9.32539011028,-0.000440299576441,0.00153437728371,-0.000709816276441,-0.860877673632,0.487258072985,0.0822907984577,0.121204126199,0.5235988,0,0,0,0,1,0
2017-06-21 02:03:46.795,-2.801801744,-1.13301193675,-9.32344026,0.00048178779475,0.002262539377,-0.00059092205075,-0.8563258801,0.49525506985,0.0816049193,0.121499319745,0.5235988,0,0,0,0,1,0
2017-06-21 02:03:47.795,-2.796287202,-1.14346620425,-9.32857159,0.0018180169175,0.00272835629,-0.00484981967975,-0.852328534322,0.502094274774,0.0803059149095,0.122410263467,0.5235988,0,0,0,0,1,0
2017-06-21 02:03:48.795,-2.79959831775,-1.14945374675,-9.3236078375,-0.00045250787425,0.0018659295255,-0.00126702204025,-0.848531569701,0.508483074925,0.079126334796,0.123174732418,0.5235988,0,0,0,0,1,0
2017-06-21 02:03:49.795,-2.79487386842,-1.12499294687,-9.33087046992,-0.0002108101,0.00194532354386,-0.000496337699499,-0.844032992261,0.516010098241,0.0786142628392,0.123107543849,0.5235988,0,0,0,0,1,0
2017-06-21 02:03:50.795,-2.79126963475,-1.14177172475,-9.32657769875,0.00180736968625,0.001666293689,-0.00508938265625,-0.840082402289,0.522431546318,0.0773713920896,0.123842587035,0.5235988,0,0,0,0,1,0
2017-06-21 02:03:51.795,-2.79367064825,-1.14250220575,-9.33380469,-0.000632430276441,0.00174785585915,-0.00164912201855,-0.836349888794,0.528328972513,0.076403252206,0.124677083538,0.5235988,0,0,0,0,1,0
2017-06-21 02:03:52.795,-2.79583216,-1.13749062225,-9.3316132075,-8.251613875e-05,0.0017328389835,-0.0003646681085,-0.8317421126,0.53556639655,0.075943526485,0.124900688685,0.5235988,0,0,0,0,1,0
2017-06-21 02:03:53.795,-2.7957262198,-1.12719588338,-9.33324146366,0.0008384704905,0.00307971533875,-0.00331927834325,-0.8273777818,0.54235040025,0.07499697582,0.12519178862,0.5235988,0,0,0,0,1,0
2017-06-21 02:03:54.795,-2.78521622275,-1.14189746325,-9.332014415,0.001469319684,0.00164233739875,-0.00362272479025,-0.823719849055,0.547863260547,0.0734319697413,0.126234525572,0.5235988,0,0,0,0,1,0
2017-06-21 02:03:55.795,-2.79522142075,-1.13220961075,-9.33457104375,-0.00107803346375,0.0013868035485,1.59708665e-05,-0.819359187286,0.554348775075,0.0729464311357,0.126574547538,0.5235988,0,0,0,0,1,0
2017-06-21 02:03:56.795,-2.79484985614,-1.12353432431,-9.34001235213,0.00059774002406,0.0025724168787,-0.00157707300476,-0.8147696402,0.5611228605,0.072353532165,0.12669553405,0.5235988,0,0,0,0,1,0
2017-06-21 02:03:57.795,-2.79514358925,-1.138502525,-9.3412531875,0.00202563819125,0.001988372837,-0.004908379517,-0.811037462736,0.566497448706,0.0709032629801,0.127547651642,0.5235988,0,0,0,0,1,0
2017-06-21 02:03:58.795,-2.79768905589,-1.13836664236,-9.33100249123,-0.000568386715038,0.000811218597243,-2.93532964912e-05,-0.80711701655,0.572055718,0.07017978317,0.12799996605,0.5235988,0,0,0,0,1,0
2017-06-21 02:03:59.795,-2.8228060605,-1.1214260299,-9.33014623125,-0.0007426452915,-0.00226253935325,0.00406990902975,-0.801709002915,0.579404023819,0.0708747853367,0.128537064724,0.5235988,0,0,0,0,1,0
2017-06-21 02:04:00.795,-2.86191673325,-1.10770256875,-9.31739877125,-0.0014586724435,0.0011445787515,0.00117652046125,-0.796526229104,0.586158913383,0.071887016,0.129577777861,0.5235988,0,0,0,0,1,0
2017-06-21 02:04:01.795,-3.61828041729,-0.657111755854,-9.01865351153,0.0349415928275,-0.332577315142,0.685009081005,-0.724552601407,0.652575067437,0.107259134472,0.146989879789,0.5235988,0,0,0,0,1,0
2017-06-21 02:04:02.795,,0.993346366389,-3.80965595635,0.245140116934,-1.54506721448,0.86978110564,-0.3314548852,0.74514788425,0.228080898075,0.42406434935,0.5235988,0,0,0,0,1,0
2017-06-21 02:04:03.795,-2.02149836218,7.14760078875,5.19283368375,0.346418735849,-0.711701723357,0.871426350748,0.221288366304,0.40794527515,0.6521489907,0.5777400178,0.5235988,0,0,0,0,1,0
2017-06-21 02:04:04.795,-0.0825471425687,7.94564267719,6.48677561855,-0.158929463461,0.255573883539,-0.0811698920815,0.277144289701,0.320758660448,0.693513681791,0.58092743199,0.5235988,0,0,0,0,1,0
2017-06-21 02:04:05.795,-1.6188581806,7.52298179034,6.55390559086,-0.121272683324,-0.00911312534839,-0.135826777691,0.177436925169,0.375854143146,0.715294854663,0.560457023989,0.5235988,0,0,0,0,1,1
2017-06-21 02:04:06.795,-0.580189007835,4.79451715664,8.65671746792,-0.550286418187,-0.261605223981,-0.309401325734,0.24852649551,0.198503251944,0.702085933367,0.625492879184,0.5235988,0,0,0,0,0,1
2017-06-21 02:04:07.795,-0.007101237479,0.527622830318,10.203496172,-0.0970416448095,-0.0819411895882,-0.0134181892817,0.115452112285,0.025611835202,0.6774514722,0.7252114879,0.5235988,0,0,0,0,0,1
2017-06-21 02:04:08.795,0.160142177263,0.48414811619,9.96505844987,-0.000392266915288,0.00239896551353,-0.00195866595213,0.078384923005,0.014383502735,0.67645284465,0.7321543322,0.5235988,0,0,0,0,0,1
2017-06-21 02:04:09.795,0.159903486008,0.494212300325,9.97719672875,0.0014267306785,0.0032261149575,-0.00186859134475,0.070453490505,0.01513669757,0.67616263945,0.7332172399,0.5235988,0,0,0,0,0,1
2017-06-21 02:04:10.795,0.159490345678,0.493260279975,9.9705505775,-4.791260125e-05,0.00277626890025,-0.001919165745,0.065330120245,0.01597945439,0.67573654495,0.73406744355,0.5235988,0,0,0,0,0,1
2017-06-21 02:04:11.795,0.159553927696,0.494814656667,9.96747148371,0.000984669928321,0.00282325420952,-0.00202537801228,0.061581329355,0.016971398045,0.6752010202,0.7348620755,0.5235988,0,0,0,0,0,1
2017-06-21 02:04:12.795,0.150311432716,0.499295729975,9.9695626425,0.0002262539355,0.002635192923,-0.00212412520275,0.058517711745,0.01776069125,0.6746297489,0.73561813005,0.5235988,0,0,0,0,0,1
2017-06-21 02:04:13.795,0.152017884825,0.505666482825,9.966658645,0.0001224433005,0.0024249098375,-0.00174614802825,0.05569283896,0.01840205138,0.6740542591,0.7363490159,0.5235988,0,0,0,0,0,1
2017-06-21 02:04:14.795,0.151426467434,0.504016574236,9.9693142619,7.47175057644e-05,0.00236160678095,-0.00170249166216,0.053212824075,0.01886331073,0.6735682307,0.7369653214,0.5235988,0,0,0,0,0,1
2017-06-21 02:04:15.795,0.152520838522,0.500235773975,9.96468276125,7.453071025e-05,0.00232642283975,-0.00224656849775,0.05101481287,0.019404848695,0.67292321835,0.73769557025,0.5235988,0,0,0,0,0,1
2017-06-21 02:04:16.795,0.146898529732,0.506480786375,9.9700416025,-0.00015704685225,0.0026059129995,-0.0016875881825,0.04871759993,0.01985408535,0.6723052463,0.7384020389,0.5235988,0,0,0,0,0,1
2017-06-21 02:04:17.795,0.147548816912,0.500961272581,9.96658911153,0.000290864561153,0.00263379195063,-0.00252438418546,0.046636181275,0.02041738813,0.67161707345,0.73914695145,0.5235988,0,0,0,0,0,1
2017-06-21 02:04:18.795,0.15267651471,0.504546811125,9.965778475,0.0005084059145,0.002297142914,-0.002363688183,0.04478977994,0.02108074099,0.67089984005,0.7398936112,0.5235988,0,0,0,0,0,1
2017-06-21 02:04:19.795,0.148622944205,0.503810342925,9.95986879125,-0.00015438503575,0.00241426260525,-0.00207621259875,0.04301143965,0.02150568441,0.6702202754,0.7406023743,0.5235988,0,0,0,0,0,1
2017-06-21 02:04:20.795,0.151969983719,0.504606686075,9.96569468625,0.000515017065163,0.00235360132657,-0.00200936711153,0.0412601667,0.02200210077,0.66956084945,0.741283682,0.5235988,0,0,0,0,0,1
2017-06-21 02:04:21.795,0.150183938371,0.503992565088,9.96172102381,0.00030610827975,0.00260857478975,-0.002110816146,0.03969979248,0.022445259375,0.668818809,0.7420250895,0.5235988,0,0,0,0,0,1
2017-06-21 02:04:22.795,0.149317499037,0.50458273545,9.95967120625,0.000234239376,0.00248613149575,-0.00241426260675,0.03827280936,0.023042640195,0.6680574361,0.74276722465,0.5235988,0,0,0,0,0,1
2017-06-21 02:04:23.795,0.150694635823,0.506576588225,9.96295234875,0.00054034763525,0.00229980472425,-0.002339731895,0.03692404721,0.02352539366,0.66723219945,0.7435617834,0.5235988,0,0,0,0,0,1
2017-06-21 02:04:24.795,0.150454053659,0.50254594817,9.95981222431,0.000418951710276,0.00264446589248,-0.00209475854612,0.035612266115,0.02382604887,0.66648031815,0.74429014105,0.5235988,0,0,0,0,0,1
2017-06-21 02:04:25.795,0.151329316045,0.504013917525,9.96050347875,0.00056430393475,0.002712385426,-0.00216139054325,0.03417934476,0.024485576575,0.66588445365,0.7448690334,0.5235988,0,0,0,0,0,1
2017-06-21 02:04:26.795,0.151804628251,0.505997417068,9.96356377945,0.000141429564411,0.00280724330551,-0.00187861149724,0.032842969885,0.02498119044,0.66523861705,0.7454895115,0.5235988,0,0,0,0,0,1
2017-06-21 02:04:27.795,0.153161506442,0.4985772224,9.95639001375,0.000330064563,0.00269907638475,-0.00209750708175,0.031635483435,0.025344406075,0.66443144735,0.746248958,0.5235988,0,0,0,0,0,1
2017-06-21 02:04:28.795,0.147820612397,0.50321757395,9.9583838625,0.00025287204175,0.0022066413445,-0.001804707875,0.030368024475,0.02558770114,0.6637913019,0.74686275925,0.5235988,0,0,0,0,0,1
2017-06-21 02:04:29.795,0.149307565286,0.499178515188,9.96315562155,0.000408277792481,0.00291931955313,-0.00167847532682,0.029261887715,0.025836312465,0.6631358262,0.74748037245,0.5235988,0,0,0,0,0,1
2017-06-21 02:04:30.795,0.147748762058,0.50028966285,9.9578749475,0.00045516968825,0.0028587850425,-0.00215074330425,0.028115363075,0.026279527035,0.66247877755,0.74809131425,0.5235988,0,0,0,0,0,1
2017-06-21 02:04:31.795,0.14994020448,0.4978946433,9.9547314575,0.00066012913225,0.00271238543825,-0.00186592953075,0.02720580823,0.026470094465,0.66189440305,0.74863533345,0.5235988,0,0,0,0,0,1
2017-06-21 02:04:32.795,0.151161664545,0.503433124925,9.96329367625,0.00059624565425,0.00251274960125,-0.001844635042,0.026478527595,0.026828138475,0.6612119258,0.7492515042,0.5235988,0,0,0,0,0,1
2017-06-21 02:04:33.795,0.14961369599,0.497347735213,9.96075458271,0.000635098783459,0.00274053125388,-0.00197467684612,0.02558094136,0.02707634721,0.660599783,0.7498134841,0.5235988,0,0,0,0,0,1
2017-06-21 02:04:34.795,0.146545264353,0.49730786325,9.96059326875,7.98543525e-06,0.00253670589725,-0.00216671417675,0.024731865005,0.027175852685,0.65989249175,0.75046091035,0.5235988,0,0,0,0,0,1
2017-06-21 02:04:35.795,0.149730640815,0.498493398925,9.95698277625,0.0003673299175,0.00274166535375,-0.00210283071075,0.02397166488,0.027184571645,0.65911487855,0.7511682904,0.5235988,0,0,0,0,0,1
2017-06-21 02:04:36.795,0.146594410173,0.501111337619,9.95648076817,0.000613750914035,0.00266848223484,-0.00177720916692,0.023275622615,0.02730025058,0.6584820855,0.75174077805,0.5235988,0,0,0,0,0,1
2017-06-21 02:04:37.795,0.14651532646,0.497319837975,9.96107225,0.00040193346575,0.0026138984125,-0.0016822645715,0.02268102397,0.0274782412,0.6578012327,0.7523482854,0.5235988,0,0,0,0,0,1
2017-06-21 02:04:38.795,0.146281812442,0.500978230425,9.9516059725,0.000621756368421,0.00259643320877,-0.00208408461404,0.0220138814,0.02752524869,0.6570531293,0.75301979755,0.5235988,0,0,0,0,0,1
2017-06-21 02:04:39.795,0.149024109685,0.50038546425,9.9569528525,0.00057882771995,0.00260206963042,-0.00213210398354,0.021501714185,0.027627115525,0.6563137213,0.75367539625,0.5235988,0,0,0,0,0,1
2017-06-21 02:04:40.795,0.142950858824,0.497791924536,9.95501619173,0.000445636523058,0.00255373749273,-0.00164111656216,0.021078218605,0.027628332335,0.6556417082,0.7542720115,0.5235988,0,0,0,0,0,1
2017-06-21 02:04:41.795,0.141839051042,0.50153507215,9.9602699375,9.848700125e-05,0.002709723627,-0.00204693269125,0.02057746749,0.027573148385,0.6549638319,0.754876524,0.5235988,0,0,0,0,0,1
2017-06-21 02:04:42.795,0.147371546513,0.50024176345,9.958497635,0.000221484024561,0.00266047678221,-0.00188127998872,0.01995993038,0.027587585405,0.6543174129,0.755452937,0.5235988,0,0,0,0,0,1
2017-06-21 02:04:43.795,0.145369889038,0.499670723559,9.95714705514,0.000327402755,0.002597927554,-0.00186859133825,0.019414406945,0.02753265335,0.6536779321,0.75602255605,0.5235988,0,0,0,0,0,1
2017-06-21 02:04:44.795,0.146347674883,0.496194179825,9.95579123,0.00038330079275,0.00245152795775,-0.00151190866175,0.019079474865,0.027334803245,0.65306969335,0.75656374235,0.5235988,0,0,0,0,0,1
2017-06-21 02:04:45.795,0.145695032635,0.49529604735,9.95585115625,0.0007266744085,0.00283749054225,-0.00191384211925,0.018644615845,0.027404689205,0.65244817355,0.75710807925,0.5235988,0,0,0,0,0,1
2017-06-21 02:04:46.795,0.14823310804,0.498458209499,9.95224898246,0.00015704684675,0.00251541141225,-0.00192981299175,0.01841606872,0.027357141885,0.65174748635,0.75771865525,0.5235988,0,0,0,0,0,1
2017-06-21 02:04:47.795,0.147215869885,0.497289901225,9.9588329325,0.000210810088221,0.0024790200005,-0.00189462238496,0.01797035644,0.027170569685,0.65105928165,0.7583274612,0.5235988,0,0,0,0,0,1
2017-06-21 02:04:48.795,0.140725366563,0.498445498025,9.95401892875,0.00075329251925,0.002848137789,-0.001772766136,0.01764730057,0.027255912085,0.6503457189,0.7589440431,0.5235988,0,0,0,0,0,1
2017-06-21 02:04:49.795,0.148863376171,0.499418617419,9.95578450627,0.000571055207769,0.00252438418797,-0.00185726363058,0.01741962122,0.027413566295,0.6497781449,0.7594296231,0.5235988,0,0,0,0,0,1
2017-06-21 02:04:50.795,0.14468313669,0.49753539005,9.95397702875,0.00028747559325,0.00230779016525,-0.001852620471,0.01710805073,0.027289601355,0.64909043095,0.76002903225,0.5235988,0,0,0,0,0,1
2017-06-21 02:04:51.795,0.142850946255,0.498217970775,9.95471948125,-7.186890075e-05,0.0023636882005,-0.00187923858975,0.016778565535,0.027012444965,0.64852891325,0.76052546535,0.5235988,0,0,0,0,0,1
2017-06-21 02:04:52.795,0.142922796992,0.493098615925,9.957940835,0.00042056614425,0.002824181498,-0.00220131770575,0.01650391948,0.02698123424,0.6478139918,0.7611416134,0.5235988,0,0,0,0,0,1
2017-06-21 02:04:53.795,0.141054051361,0.493446075338,9.95665488095,0.000306875448622,0.00269249856867,-0.00219882936291,0.016149308035,0.02699071801,0.6470850549,0.7617686753,0.5235988,0,0,0,0,0,1
2017-06-21 02:04:54.795,0.143228162123,0.499553194225,9.9550368425,0.00040991889375,0.00299986102575,-0.00170888268175,0.0158943549,0.027115580675,0.6462776319,0.7624547662,0.5235988,0,0,0,0,0,1
2017-06-21 02:04:55.795,0.148910346049,0.496146278575,9.95518053875,0.0005536566905,0.00243289527425,-0.00202829999425,0.0156413496525,0.02721096351,0.6456128507,0.76301957745,0.5235988,0,0,0,0,0,1
2017-06-21 02:04:56.795,0.147830936584,0.491891412456,9.96196711905,0.000515017077945,0.00223885659699,-0.00183057880802,0.01569889654,0.02707197999,0.6449210002,0.7636082042,0.5235988,0,0,0,0,0,1
2017-06-21 02:04:57.795,0.142683295387,0.498702962225,9.9583599275,0.0006175401595,0.00258461850825,-0.0019484456675,0.015643111565,0.027024320505,0.6442232957,0.764199747,0.5235988,0,0,0,0,0,1
2017-06-21 02:04:58.795,0.140827155023,0.498301795975,9.95506078375,-0.00012510511275,0.0028614468455,-0.001597086614,0.01537217989,0.02700558768,0.6435968198,0.76473359625,0.5235988,0,0,0,0,0,1
2017-06-21 02:04:59.795,0.147014589258,0.494892688997,9.95898987093,-8.00544566416e-05,0.00253505811654,-0.0020360519401,0.0150726148325,0.026841408055,0.64300631185,0.76524189625,0.5235988,0,0,0,0,0,1
2017-06-21 02:05:00.795,0.144910663525,0.4973258271,9.958665265,0.0005749511805,0.002542029527,-0.0018819003955,0.015018966445,0.026636637225,0.64241229775,0.76574884555,0.5235988,0,0,0,0,0,1
2017-06-21 02:05:01.795,0.143910742515,0.495679250025,9.957803065,0.000739983474,0.002715047253,-0.0017701043295,0.0150177220875,0.026799528435,0.64175622555,0.76629311285,0.5235988,0,0,0,0,0,1
2017-06-21 02:05:02.795,0.1422665679,0.491687325789,9.95653481704,-0.00015744044386,0.00224419355338,-0.00180122550426,0.01492785185,0.02653184212,0.6411492542,0.7668120964,0.5235988,0,0,0,0,0,1
2017-06-21 02:05:03.795,0.144880725571,0.490284469075,9.95343813125,0.00035668267475,0.0024116007875,-0.00189787126525,0.01469925815,0.026439246035,0.64066395005,0.7672252346,0.5235988,0,0,0,0,0,1
2017-06-21 02:05:04.795,0.145425593046,0.492823189275,9.95955143875,0.00021560668875,0.0025180732275,-0.00178075158825,0.01469030699,0.02632405266,0.64001765235,0.7677685806,0.5235988,0,0,0,0,0,1
2017-06-21 02:05:05.795,0.148347156339,0.487803673158,9.95404375188,0.000739169590727,0.00249769935764,-0.00145432281429,0.0146585422175,0.02635538245,0.63946457095,0.76822884005,0.5235988,0,0,0,0,0,1
2017-06-21 02:05:06.795,0.152076744906,0.484550289263,9.94630646433,0.000342455225146,0.00260888619942,-0.00149435004503,0.0148785087756,0.0262109955769,0.639073937692,0.768554445769,0.5235988,0,0,0,0,0,1
